,itemId,title,category,description,option
3,9253,Steins;Gate,"Sci-Fi, Thriller",TV,24
13,2904,Code Geass: Hangyaku no Lelouch R2,"Action, Drama, Mecha, Military, Sci-Fi, Super Power",TV,25
20,263,Hajime no Ippo,"Comedy, Drama, Shounen, Sports",TV,75
24,164,Mononoke Hime,"Action, Adventure, Fantasy",Movie,1
42,30654,Ansatsu Kyoushitsu (TV) 2nd Season,"Action, Comedy, School, Shounen",TV,25
47,22135,Ping Pong The Animation,"Psychological, Seinen, Sports",TV,11
58,24415,Kuroko no Basket 3rd Season,"Comedy, School, Shounen, Sports",TV,25
80,10162,Usagi Drop,"Josei, Slice of Life",TV,11
88,5941,Cross Game,"Comedy, Drama, Romance, School, Sports",TV,50
91,13125,Shinsekai yori,"Drama, Horror, Mystery, Sci-Fi, Supernatural",TV,25
95,14719,JoJo no Kimyou na Bouken (TV),"Action, Adventure, Shounen, Supernatural, Vampire",TV,26
102,11981,Mahou Shoujo Madoka★Magica Movie 3: Hangyaku no Monogatari,"Drama, Magic, Psychological, Thriller",Movie,1
106,6594,Katanagatari,"Action, Adventure, Historical, Martial Arts, Romance",TV,12
113,30503,Noragami Aragoto,"Action, Adventure, Shounen, Supernatural",TV,13
126,10863,Steins;Gate: Oukoubakko no Poriomania,"Sci-Fi, Thriller",Special,1
128,5420,Kemono no Souja Erin,"Drama, Fantasy",TV,50
141,23755,Nanatsu no Taizai,"Action, Adventure, Ecchi, Fantasy, Shounen, Supernatural",TV,24
155,20651,Natsume Yuujinchou: Itsuka Yuki no Hi ni,"Drama, Fantasy, Shoujo, Slice of Life, Supernatural",OVA,1
167,5690,Nodame Cantabile Finale,"Comedy, Josei, Music, Romance",TV,11
174,16664,Kaguya-hime no Monogatari,"Fantasy, Historical",Movie,1
199,28223,Death Parade,"Drama, Game, Mystery, Psychological, Thriller",TV,12
207,27821,Fate/stay night: Unlimited Blade Works - Prologue,"Action, Fantasy, Magic, Shounen, Supernatural",Special,1
242,31174,Osomatsu-san,"Comedy, Parody",TV,25
269,2581,Mobile Suit Gundam 00,"Action, Drama, Mecha, Military, Sci-Fi, Space",TV,25
318,135,Hikaru no Go,"Comedy, Game, Shounen, Supernatural",TV,75
319,6045,Kimi ni Todoke,"Romance, School, Shoujo, Slice of Life",TV,25
326,1486,Kodomo no Omocha (TV),"Comedy, Drama, Romance, Shoujo",TV,102
336,731,Interstella5555: The 5tory of The 5ecret 5tar 5ystem,"Adventure, Drama, Music, Sci-Fi",Music,1
340,31149,Persona 3 the Movie 4: Winter of Rebirth,"Action, Fantasy, Seinen, Supernatural",Movie,1
366,4053,Prince of Tennis: The National Tournament Finals,"Comedy, School, Shounen, Sports",OVA,7
370,4059,"Clannad: Mou Hitotsu no Sekai, Tomoyo-hen","Drama, Romance, School, Slice of Life",Special,1
378,9963,Detective Conan Movie 15: Quarter of Silence,"Adventure, Comedy, Mystery, Police, Shounen",Movie,1
379,32551,Digimon Adventure tri. 3: Kokuhaku,"Action, Adventure, Comedy, Drama",Movie,1
387,1023,Wolf&#039;s Rain OVA,"Adventure, Drama, Psychological, Sci-Fi, Supernatural",OVA,4
405,2159,Ookiku Furikabutte,"Comedy, Sports",TV,25
409,6505,There She Is!!,"Comedy, Romance",ONA,5
425,5781,Isekai no Seikishi Monogatari,"Action, Comedy, Ecchi, Fantasy, Harem, Mecha, School",OVA,13
430,25161,One Piece 3D2Y: Ace no shi wo Koete! Luffy Nakama Tono Chikai,"Adventure, Comedy, Fantasy, Shounen",Special,1
434,122,Full Moon wo Sagashite,"Comedy, Drama, Music, Romance, Shoujo, Supernatural",TV,52
435,29095,Grisaia no Rakuen,"Drama, Harem, Psychological, Romance",TV,10
443,16916,Kuroko no Basket: Tip Off,"Comedy, School, Shounen, Sports",Special,1
451,6586,Yume-iro Pâtissière,"Kids, School, Shoujo",TV,50
458,4898,Kuroshitsuji,"Action, Comedy, Demons, Fantasy, Historical, Shounen, Supernatural",TV,24
463,957,Saiunkoku Monogatari,"Adventure, Comedy, Drama, Fantasy, Historical, Romance",TV,39
478,8408,Durarara!! Specials,"Action, Comedy, Supernatural",Special,2
480,4985,Mahou Shoujo Lyrical Nanoha: The Movie 1st,"Action, Comedy, Drama, Magic, Super Power",Movie,1
482,22,Prince of Tennis,"Action, Comedy, School, Shounen, Sports",TV,178
490,9289,Hanasaku Iroha,"Comedy, Drama, Seinen, Slice of Life",TV,26
501,4163,Seto no Hanayome OVA,"Comedy, Parody, Romance, School",OVA,2
502,3228,Zoku Sayonara Zetsubou Sensei,"Comedy, Parody, School",TV,13
505,13119,Hakuouki Movie 2: Shikon Soukyuu,"Action, Drama, Historical, Josei, Samurai, Supernatural",Movie,1
508,8310,Magic Kaito,"Adventure, Comedy, Romance, Shounen",Special,12
544,779,Detective Conan Movie 01: The Timed Skyscraper,"Adventure, Comedy, Mystery, Police, Shounen",Movie,1
554,28907,"Gate: Jieitai Kanochi nite, Kaku Tatakaeri","Action, Adventure, Fantasy, Military",TV,12
564,569,Musekinin Kanchou Tylor,"Comedy, Military, Parody, Sci-Fi, Space",TV,26
565,6007,Ookami to Koushinryou II: Ookami to Kohakuiro no Yuuutsu,"Fantasy, Historical, Romance",OVA,1
580,5005,Tentai Senshi Sunred,"Comedy, Parody, Seinen, Super Power",TV,26
601,543,Vampire Hunter D (2000),"Action, Drama, Fantasy, Horror, Romance, Sci-Fi, Vampire",Movie,1
602,23225,Yuru Yuri Nachuyachumi!,"Comedy, Shoujo Ai, Slice of Life",OVA,1
605,1505,Detective Conan Movie 09: Strategy Above the Depths,"Adventure, Comedy, Mystery, Police, Shounen",Movie,1
617,12403,Yuru Yuri♪♪,"Comedy, School, Shoujo Ai, Slice of Life",TV,12
653,4472,Lucky☆Star: Original na Visual to Animation,"Comedy, Parody, School, Slice of Life",OVA,1
670,1961,Arashi no Yoru ni,"Adventure, Comedy, Drama, Fantasy",Movie,1
675,106,Hana yori Dango,"Drama, Romance, School, Shoujo",TV,51
687,552,Digimon Adventure,"Action, Adventure, Comedy, Fantasy, Kids",TV,54
697,1092,Mobile Suit Gundam III: Encounters in Space,"Action, Adventure, Drama, Mecha, Military, Sci-Fi, Space",Movie,1
706,13535,Binbougami ga!,"Comedy, Parody, Shounen, Supernatural",TV,13
710,10497,Hetalia World Series Specials,"Comedy, Historical, Parody",Special,4
719,16870,The Last: Naruto the Movie,"Action, Martial Arts, Romance, Shounen, Super Power",Movie,1
721,15197,Code Geass: Boukoku no Akito 2 - Hikisakareshi Yokuryuu,"Action, Mecha, Military",Movie,1
727,5680,K-On!,"Comedy, Music, School, Slice of Life",TV,13
733,210,Ranma ½,"Comedy, Fantasy, Martial Arts, Slice of Life",TV,161
735,19775,Sidonia no Kishi,"Action, Mecha, Sci-Fi, Seinen, Space",TV,12
736,534,Slayers,"Adventure, Comedy, Demons, Fantasy, Magic",TV,26
742,1375,Watashi no Ashinaga Ojisan,"Comedy, Historical, Romance, School, Shoujo, Slice of Life",TV,40
750,4454,Macross F: Close Encounter - Deculture Edition,"Action, Mecha, Military, Music, Sci-Fi, Space",Special,1
752,15959,Nurarihyon no Mago OVA,"Action, Demons, Shounen, Supernatural",OVA,2
756,8407,Sora no Otoshimono: Forte,"Comedy, Ecchi, Harem, Romance, Sci-Fi, Shounen, Supernatural",TV,12
759,7305,Detective Conan Movie 10: Promo Special,"Adventure, Comedy, Mystery, Police, Shounen",Special,1
761,644,Hachimitsu to Clover Specials,"Comedy, Drama, Josei, Romance, Slice of Life",Special,2
773,29829,Tamayura: Sotsugyou Shashin Part 2 - Hibiki,"Comedy, Drama, Slice of Life",Movie,1
788,2451,Space Cobra,"Action, Adventure, Sci-Fi, Space",TV,31
791,30413,Yowamushi Pedal Movie,"Comedy, Drama, Shounen, Sports",Movie,1
798,33082,Kingsglaive: Final Fantasy XV,Action,Movie,1
799,1096,Mobile Police Patlabor 2: The Movie,"Drama, Mecha, Mystery, Police, Sci-Fi",Movie,1
812,18055,Hakkenden: Touhou Hakken Ibun 2nd Season,"Action, Fantasy, Shoujo, Supernatural",TV,13
814,27991,K: Return of Kings,"Action, Super Power, Supernatural",TV,13
816,3545,Kochira Katsushikaku Kameari Kouenmae Hashutsujo (TV),"Comedy, Police, Slice of Life",TV,373
823,13851,To LOVE-Ru Darkness OVA,"Comedy, Ecchi, Harem, Romance, School, Sci-Fi, Shounen",OVA,6
832,160,"Ima, Soko ni Iru Boku","Adventure, Drama, Fantasy, Military, Sci-Fi",TV,13
848,19671,Free!: FrFr - Short Movie,"Comedy, Sports",Special,7
865,5177,Denpa-teki na Kanojo,"Mystery, School, Thriller",OVA,2
875,17249,Pretty Rhythm: Rainbow Live,"Music, Shoujo, Slice of Life, Sports",TV,51
889,255,Jungle wa Itsumo Hare nochi Guu Final,"Comedy, Slice of Life",OVA,7
890,10790,Kore wa Zombie Desu ka? of the Dead,"Action, Comedy, Ecchi, Harem, Magic, Supernatural",TV,10
906,26,Texhnolyze,"Action, Drama, Psychological, Sci-Fi",TV,22
924,24151,Ao Haru Ride OVA,"Romance, School, Shoujo, Slice of Life",OVA,2
928,28479,Detective Conan Movie 19: The Hellfire Sunflowers,"Action, Mystery, Police, Shounen",Movie,1
939,1483,Master Keaton,"Adventure, Mystery",TV,24
944,10715,Towa no Quon 4: Guren no Shoushin,"Action, Super Power, Supernatural",Movie,1
949,986,Dragon Ball Z Special 1: Tatta Hitori no Saishuu Kessen,"Adventure, Comedy, Fantasy, Sci-Fi, Shounen",Special,1
954,6624,Kara no Kyoukai Remix: Gate of Seventh Heaven,"Action, Mystery, Romance, Super Power, Thriller",Movie,1
971,430,Fullmetal Alchemist: The Conqueror of Shamballa,"Comedy, Drama, Fantasy, Historical, Military, Shounen",Movie,1
997,8532,Katekyo Hitman Reborn! Special,"Comedy, Shounen",ONA,1
1014,5204,Kara no Kyoukai 6: Boukyaku Rokuon,"Action, Magic, Mystery, Romance, Supernatural, Thriller",Movie,1
1016,324,Mobile Police Patlabor: On Television,"Comedy, Mecha, Police, Sci-Fi",TV,47
1034,7661,Giant Killing,"Drama, Seinen, Sports",TV,26
1050,11433,Ano Natsu de Matteru,"Comedy, Drama, Romance, Sci-Fi, Slice of Life",TV,12
1053,12049,Fairy Tail Movie 1: Houou no Miko,"Action, Adventure, Comedy, Fantasy, Magic, Shounen",Movie,1
1057,11617,High School DxD,"Comedy, Demons, Ecchi, Harem, Romance, School",TV,12
1078,857,Air Gear,"Action, Comedy, Ecchi, Shounen, Sports",TV,25
1098,16005,Zettai Karen Children: The Unlimited - Hyoubu Kyousuke,"Shounen, Supernatural",TV,12
1102,67,Basilisk: Kouga Ninpou Chou,"Action, Adventure, Fantasy, Historical, Romance, Samurai, Supernatural",TV,24
1105,11359,Dragon Ball Kai: Mirai ni Heiwa wo! Goku no Tamashii yo Eien ni,"Action, Comedy, Fantasy, Sci-Fi, Shounen, Super Power",Special,1
1108,340,Mutsu Enmei Ryuu Gaiden: Shura no Toki,"Action, Historical, Martial Arts, Samurai, Shounen",TV,26
1146,1873,Plawres Sanshirou,"Adventure, Mecha, School, Sci-Fi, Shounen, Sports",TV,37
1149,1861,Slam Dunk: Zenkoku Seiha Da! Sakuragi Hanamichi,"Comedy, Drama, School, Shounen, Slice of Life, Sports",Movie,1
1158,9839,Detective Conan: Black History 2,"Adventure, Comedy, Mystery, Police, Shounen",Special,1
1159,874,Digimon Tamers,"Adventure, Comedy, Drama, Fantasy, Shounen",TV,51
1162,1251,Fushigi no Umi no Nadia,"Adventure, Comedy, Historical, Romance, Sci-Fi",TV,39
1168,13245,New Prince of Tennis Specials,"Action, Comedy, Shounen, Sports",Special,7
1205,5494,Konnichiwa Anne: Before Green Gables,"Drama, Historical, Kids, Slice of Life",TV,39
1214,15989,Saki Achiga-hen: Episode of Side-A Specials,"Game, School, Slice of Life",Special,4
1231,23269,Hello!! Kiniro Mosaic,"Comedy, School, Slice of Life",TV,12
1234,32870,Kuroko no Basket Movie 2: Winter Cup Soushuuhen - Namida no Saki e,"School, Shounen, Sports",Movie,1
1236,96,Mobile Fighter G Gundam,"Adventure, Comedy, Drama, Martial Arts, Mecha, Romance, Sci-Fi, Space, Sports",TV,49
1265,7041,Seto no Hanayome OVA Specials,"Comedy, Parody, School",Special,2
1287,1047,On Your Mark,"Drama, Music, Sci-Fi",Music,1
1302,200,Tenshi na Konamaiki,"Comedy, Magic, Romance, Shounen",TV,50
1306,13709,Afro Samurai Movie,"Action, Adventure, Samurai",Movie,1
1312,1454,Kemonozume,"Action, Demons, Horror, Romance, Supernatural",TV,13
1330,24627,Yamada-kun to 7-nin no Majo (OVA),"Comedy, Romance, School, Shounen",OVA,2
1334,1681,Brave Story,"Action, Adventure, Fantasy, Kids, Magic, Supernatural",Movie,1
1341,28607,Hetalia: The World Twinkle,"Comedy, Historical, Parody",ONA,15
1358,10209,Kore wa Zombie Desu ka? OVA,"Action, Comedy, Ecchi, Harem, Magic, Supernatural",OVA,2
1361,24227,Nisekoi OVA,"Comedy, Harem, Romance, School, Shounen",OVA,3
1367,20671,Shashinkan,"Drama, Historical, Slice of Life",Movie,1
1369,567,The Big O,"Action, Mecha, Mystery, Psychological, Sci-Fi",TV,26
1371,481,Yu☆Gi☆Oh! Duel Monsters,"Adventure, Game, Shounen",TV,224
1377,1368,Detective Conan OVA 06: Follow the Vanished Diamond! Conan &amp; Heiji vs. Kid!,"Comedy, Mystery, Police, Shounen",OVA,1
1380,852,Gokinjo Monogatari,"Comedy, Drama, Romance, Slice of Life",TV,50
1401,12149,AKB0048,"Music, Sci-Fi",TV,13
1413,27631,God Eater,"Action, Fantasy, Military, Sci-Fi",TV,13
1415,5929,Hi no Ame ga Furu,"Drama, Historical",Movie,1
1416,28825,Himouto! Umaru-chan,"Comedy, School, Seinen, Slice of Life",TV,12
1428,5252,One Piece: Romance Dawn Story,"Action, Comedy, Fantasy, Shounen, Super Power",OVA,1
1434,24365,Tonari no Seki-kun Specials,"Comedy, School, Seinen",Special,2
1439,1069,Chou Denji Machine Voltes V,"Action, Adventure, Drama, Mecha, Sci-Fi, Shounen",TV,40
1450,389,Karas,"Action, Fantasy, Sci-Fi",OVA,6
1459,12015,Tiger &amp; Bunny Movie 1: The Beginning,"Action, Comedy, Mystery, Super Power",Movie,1
1464,2922,Ashita no Joe 2 (Movie),"Drama, Sports",Movie,1
1465,4037,Cowboy Bebop: Yose Atsume Blues,"Action, Adventure, Comedy, Drama, Sci-Fi, Space",Special,1
1471,10110,Mayo Chiki!,"Comedy, Ecchi, Harem, Romance, School",TV,13
1472,8246,Naruto: Shippuuden Movie 4 - The Lost Tower,"Action, Comedy, Martial Arts, Shounen, Super Power",Movie,1
1481,10798,UN-GO,"Mystery, Supernatural",TV,11
1489,2553,Flanders no Inu,"Drama, Historical, Slice of Life",TV,52
1495,142,Kamikaze Kaitou Jeanne,"Adventure, Comedy, Demons, Drama, Fantasy, Magic, Mystery, Romance, Shoujo",TV,44
1496,1004,Kanojo to Kanojo no Neko,"Drama, Psychological, Romance, Slice of Life",OVA,1
1502,31414,Nijiiro Days,"Comedy, Romance, School, Shoujo, Slice of Life",TV,24
1512,5909,Seitokai no Ichizon,"Comedy, Harem, Parody, School",TV,12
1534,2954,Maria-sama ga Miteru 3rd Specials,Comedy,Special,5
1535,3469,Maria-sama ga Miteru: Haru Specials,"Drama, Romance, School, Shoujo, Shoujo Ai, Slice of Life",Special,6
1537,2929,Moonlight Mile 2nd Season: Touch Down,"Adventure, Drama, Sci-Fi, Space",TV,14
1543,2903,Sakigake!! Otokojuku,"Action, Comedy, Martial Arts, School, Shounen",TV,34
1546,1577,Taiho Shichau zo,"Action, Comedy, Police, Seinen",OVA,4
1547,5667,To LOVE-Ru OVA,"Comedy, Ecchi, Harem, School, Sci-Fi, Shounen",OVA,6
1553,9340,Cheburashka,Comedy,Movie,1
1558,9135,Fullmetal Alchemist: The Sacred Star of Milos,"Action, Adventure, Comedy, Drama, Fantasy, Magic, Military, Shounen",Movie,1
1561,10870,Ghost in the Shell: Stand Alone Complex - Tachikoma na Hibi (TV),"Comedy, Mecha, Sci-Fi",TV,12
1564,31665,Hibike! Euphonium: Kakedasu Monaka,"Drama, Music, School",Special,1
1570,10624,Mardock Scramble: The Second Combustion,"Action, Psychological, Sci-Fi",Movie,1
1577,1010,Ranma ½: Chou Musabetsu Kessen! Ranma Team vs. Densetsu no Houou,"Action, Adventure, Comedy, Martial Arts, Shounen, Supernatural",Movie,1
1583,7870,Baka to Test to Shoukanjuu Specials,"Comedy, Magic, School",Special,6
1586,29067,Danna ga Nani wo Itteiru ka Wakaranai Ken 2 Sure-me,"Comedy, Seinen, Slice of Life",TV,13
1589,9032,Inazuma Eleven: Saikyou Gundan Ogre Shuurai,"Shounen, Sports, Super Power",Movie,1
1590,1878,Kaze no Shoujo Emily,"Drama, Historical, Shoujo",TV,26
1599,6896,Pandora Hearts Specials,Comedy,Special,9
1601,16123,Saki Zenkoku-hen,"Game, School, Slice of Life",TV,13
1610,10629,Tibet Inu Monogatari,Adventure,Movie,1
1612,113,Uchuu no Stellvia,"Action, Romance, Sci-Fi, Space",TV,26
1619,3744,Crayon Shin-chan Movie 10: Arashi wo Yobu Appare! Sengoku Daikassen,"Drama, Historical, Kids, Romance, Samurai",Movie,1
1631,2927,Kimikiss Pure Rouge,"Drama, Romance, School",TV,24
1637,5984,Ristorante Paradiso,"Drama, Josei, Romance, Slice of Life",TV,11
1643,3125,Tokimeki Tonight,"Comedy, Fantasy, Romance, Shoujo, Vampire",TV,34
1663,4551,Hakushaku to Yousei,"Adventure, Fantasy, Historical, Magic",TV,12
1674,1064,Mazinkaiser,"Adventure, Comedy, Mecha, Sci-Fi, Shounen",OVA,7
1685,2942,Sketchbook: Full Color&#039;s,"Comedy, Slice of Life",TV,13
1693,1744,Wagamama☆Fairy Mirumo de Pon!,"Adventure, Comedy, Drama, Fantasy, Kids, Magic, Romance, School, Shoujo",TV,172
1695,878,Zegapain,"Action, Mecha, Romance, Sci-Fi",TV,26
1699,1078,Cardcaptor Sakura: Leave It to Kero-chan,Comedy,Movie,1
1704,408,Final Fantasy VII: Last Order,"Action, Adventure, Drama, Fantasy, Sci-Fi",OVA,1
1717,601,Nekojiru-sou,"Comedy, Dementia, Psychological",OVA,1
1721,710,Rec,"Comedy, Drama, Romance",TV,9
1723,20709,Sabagebu!,"Action, Comedy, Military, Shoujo",TV,12
1728,8098,Soukyuu no Fafner: Dead Aggressor - Heaven and Earth,"Action, Drama, Mecha, Military, Sci-Fi",Movie,1
1732,2009,Yawara! Special: Zutto Kimi no Koto ga... .,"Action, Comedy, Drama, Martial Arts, Slice of Life, Sports",Special,1
1736,2986,Bamboo Blade,"Comedy, School, Seinen, Sports",TV,26
1742,908,Fullmetal Alchemist: Premium Collection,"Comedy, Fantasy, Shounen",OVA,3
1750,714,High School! Kimengumi,"Comedy, Parody, Romance, School, Shounen",TV,86
1764,1302,Sayonara Ginga Tetsudou 999: Andromeda Shuuchakueki,"Adventure, Drama, Sci-Fi, Space",Movie,1
1767,2555,Shoukoushi Cedie,"Drama, Shoujo, Slice of Life",TV,43
1787,5521,Hayate no Gotoku!!: Atsu ga Natsuize - Mizugi-hen!,"Action, Comedy, Harem, Parody, Romance",OVA,1
1788,191,Love Hina Christmas Special: Silent Eve,"Comedy, Romance, Slice of Life",Special,1
1797,18041,Rozen Maiden (2013),"Action, Comedy, Drama, Magic, Seinen",TV,13
1811,2658,Doraemon Movie 09: Nobita no Parallel Saiyuuki,"Adventure, Fantasy, Kids, Sci-Fi, Shounen",Movie,1
1817,30991,Himouto! Umaru-chan: Umaru-chan Mou Ikkai!,"Comedy, School, Seinen, Slice of Life",OVA,1
1837,4664,Rurouni Kenshin: Special Techniques,"Action, Comedy, Samurai",Special,1
1842,4663,Tekken Chinmi,"Action, Adventure, Historical, Martial Arts, Shounen",TV,20
1850,1983,Black Jack: Futari no Kuroi Isha,Drama,Movie,1
1857,19645,Doraemon Movie 34: Shin Nobita no Daimakyou - Peko to 5-nin no Tankentai,"Adventure, Comedy, Fantasy, Kids",Movie,1
1879,2013,Taiho Shichau zo The Movie,"Action, Comedy, Drama, Police, Shounen",Movie,1
1883,5764,Zero no Tsukaima: Princesses no Rondo - Yuuwaku no Sunahama,"Comedy, Ecchi, Fantasy, Harem, Magic",Special,1
1884,5525,07-Ghost,"Action, Demons, Fantasy, Magic, Military, Shoujo",TV,25
1896,27829,Heavy Object,"Action, Mecha, Military, Sci-Fi",TV,24
1901,16732,Kiniro Mosaic,"Comedy, School, Slice of Life",TV,12
1965,4726,Druaga no Tou: The Sword of Uruk,"Adventure, Fantasy",TV,12
1978,17247,Machine-Doll wa Kizutsukanai,"Action, Ecchi, Fantasy, School, Seinen",TV,12
1987,3861,Shaman King Specials,"Action, Comedy, Shounen, Supernatural",Special,5
2001,8369,Crayon Shin-chan Movie 18: Chou Jikuu! Arashi wo Yobu Ora no Hanayome,"Comedy, Ecchi, Kids, School, Shounen, Slice of Life",Movie,1
2012,7769,Ookami-san to Shichinin no Nakama-tachi,"Comedy, Parody, Romance",TV,12
2014,10448,Rain Town,Drama,ONA,1
2021,75,Soukyuu no Fafner: Dead Aggressor,"Action, Drama, Mecha, Military, Sci-Fi",TV,25
2023,30344,The iDOLM@STER Cinderella Girls 2nd Season,"Comedy, Drama, Music",TV,12
2026,712,Zoids Genesis,"Action, Adventure, Comedy, Mecha, Military",TV,50
2032,3627,D.C.II S.S.: Da Capo II Second Season,"Comedy, Drama, Fantasy, Harem, Romance",TV,13
2036,2670,Doraemon Movie 12: Nobita no Dorabian Nights,"Adventure, Comedy, Fantasy, Kids, Shounen",Movie,1
2039,655,Galaxy Angel 4,"Comedy, Sci-Fi",TV,13
2049,8134,"Keroro Gunsou Movie 5: Tanjou! Kyuukyoku Keroro, Kiseki no Jikuu-jima, de arimasu!!",Comedy,Movie,1
2055,2020,One Piece: Nenmatsu Tokubetsu Kikaku! Mugiwara no Luffy Oyabun Torimonochou,"Adventure, Comedy, Fantasy, Shounen",Special,1
2060,19021,Takanashi Rikka Kai: Chuunibyou demo Koi ga Shitai! Movie,"Comedy, Drama, Romance, School, Slice of Life",Movie,1
2075,14765,Ixion Saga DT,"Action, Comedy, Fantasy",TV,25
2076,16035,Karneval (TV),"Action, Fantasy, Mystery, Sci-Fi, Shoujo",TV,13
2085,4056,Masuda Kousuke Gekijou Gag Manga Biyori 3,Comedy,TV,12
2086,8424,MM!,"Comedy, Ecchi, Harem, School",TV,12
2093,6758,Tatakau Shisho: The Book of Bantorra,"Action, Fantasy, Seinen, Super Power",TV,27
2101,30206,Amagi Brilliant Park: Nonbirishiteiru Hima ga Nai!,Comedy,Special,1
2103,1723,Clannad Movie,"Drama, Fantasy, Romance, School",Movie,1
2109,3418,Jungle no Ouja Taa-chan,"Action, Comedy, Parody",TV,50
2111,3229,Kimi ga Aruji de Shitsuji ga Ore de,"Comedy, Ecchi, Harem, Parody, Romance",TV,13
2115,32245,Kuromukuro,"Action, Mecha, Sci-Fi",TV,26
2127,13055,Sankarea OVA,"Comedy, Ecchi, Horror, Romance, Shounen, Supernatural",OVA,2
2135,30901,Utawarerumono: Itsuwari no Kamen,"Action, Drama, Fantasy",TV,25
2145,21635,GJ-bu@,"Comedy, School, Slice of Life",Special,1
2154,1437,Lupin III: Honoo no Kioku - Tokyo Crisis,"Action, Adventure, Comedy, Mystery, Shounen",Special,1
2173,32323,Aishen Qiaokeli-ing...,"Comedy, Harem, Romance, School",ONA,15
2176,1205,Aru Tabibito no Nikki,"Adventure, Fantasy",ONA,6
2180,9379,Denpa Onna to Seishun Otoko,"Comedy, Sci-Fi, Seinen, Slice of Life",TV,12
2184,893,Dragon Ball Movie 4: Saikyou e no Michi,"Action, Adventure, Comedy, Fantasy, Sci-Fi, Shounen, Super Power",Movie,1
2185,1299,Flag,"Mecha, Military",ONA,13
2217,13939,Accel World EX,"Action, Game, Romance, School, Sci-Fi",OVA,2
2228,31737,Gakusen Toshi Asterisk 2nd Season,"Comedy, Ecchi, Fantasy, Harem, Romance, School, Sci-Fi, Supernatural",TV,12
2232,10507,Inazuma Eleven Go,"Shounen, Sports, Super Power",TV,47
2240,3247,Love Hina Final Selection,"Comedy, Ecchi, Harem, Romance",OVA,1
2261,27825,Dragon Nest: Warriors&#039; Dawn,"Action, Adventure, Fantasy, Magic",Movie,1
2263,1335,Ghost in the Shell: Stand Alone Complex - Tachikoma na Hibi,"Comedy, Mecha, Sci-Fi",Special,26
2282,3594,Tears to Tiara,"Action, Adventure, Fantasy, Magic",TV,26
2288,6901,Battle Spirits: Shounen Gekiha Dan,"Action, Game, Shounen",TV,50
2294,3298,Hatenkou Yuugi,"Adventure, Comedy, Drama, Fantasy, Romance, Shoujo",TV,10
2300,12175,Koi to Senkyo to Chocolate,"Drama, Romance, School",TV,12
2312,6169,Tenjou-jin to Akuto-jin Saigo no Tatakai,"Action, Fantasy, Magic, Super Power, Supernatural",Movie,1
2316,23447,"Ano Natsu de Matteru: Bokutachi wa Koukou Saigo no Natsu wo Sugoshinagara, Ano Natsu de Matteiru.","Comedy, Drama, Romance, Sci-Fi, Slice of Life",Special,1
2318,6164,Aoi Hana,"Romance, Shoujo Ai, Slice of Life",TV,11
2324,21437,Buddy Complex,"Action, Mecha, Sci-Fi",TV,13
2332,395,Gantz 2nd Stage,"Action, Drama, Horror, Psychological, Sci-Fi, Supernatural",TV,13
2340,1556,Kikoushi Enma,"Demons, Ecchi, Fantasy, Horror, Magic, Seinen, Supernatural",OVA,4
2346,352,Motto! Ojamajo Doremi,"Comedy, Fantasy, Magic, Shoujo",TV,50
2363,14829,Fate/kaleid liner Prisma☆Illya,"Action, Comedy, Fantasy, Magic",TV,10
2371,1414,Lupin III: Tenshi no Tactics - Yume no Kakera wa Koroshi no Kaori,"Action, Adventure, Comedy, Shounen",Special,1
2376,14293,Nerawareta Gakuen,"Romance, School, Sci-Fi",Movie,1
2439,2659,Doraemon Movie 14: Nobita to Buriki no Labyrinth,Fantasy,Movie,1
2485,15359,Kyousou Giga (2012),"Action, Fantasy, Supernatural",ONA,5
2488,30014,Momokuri,"Comedy, Romance, Slice of Life",ONA,26
2491,1732,Negima!? Natsu Special!?,"Comedy, Ecchi, Fantasy, Romance",OVA,1
2512,1778,Dae Jang Geum: Jang Geum&#039;s Dream,"Adventure, Comedy, Historical",TV,26
2525,872,Mahou Shoujo-tai Arusu,"Adventure, Comedy, Fantasy, Magic",TV,40
2538,13171,Wasurenagumo,"Comedy, Supernatural",Movie,1
2556,1215,Mobile Suit Gundam Seed C.E.73: Stargazer,"Mecha, Military, Sci-Fi, Space",ONA,3
2565,482,Yu☆Gi☆Oh!: Duel Monsters GX,"Action, Comedy, Fantasy, Game, Shounen",TV,180
2573,4286,Bonobono (TV),Comedy,TV,48
2577,8364,Crayon Shin-chan Movie 12: Arashi wo Yobu! Yuuhi no Kasukabe Boys,"Comedy, Ecchi, Kids, School, Shounen, Slice of Life",Movie,1
2578,424,Dirty Pair,"Adventure, Comedy, Police, Sci-Fi",TV,24
2581,665,JoJo no Kimyou na Bouken: Adventure,"Adventure, Drama, Fantasy, Horror, Shounen, Supernatural, Vampire",OVA,7
2598,762,Bleach: Memories in the Rain,"Action, Adventure, Drama, Shounen, Supernatural",Special,1
2600,1312,Chikyuu Bouei Kigyou Dai-Guard,"Adventure, Comedy, Mecha, Military, Sci-Fi",TV,26
2610,2176,Kiddy Grade: Ignition,"Action, Mecha, Sci-Fi, Super Power",Movie,1
2614,4926,Marco: Haha wo Tazunete Sanzenri,"Adventure, Drama",Movie,1
2618,2200,Muteki Choujin Zanbot 3,"Action, Drama, Mecha, Sci-Fi, Shounen",TV,23
2623,12221,Precure All Stars Movie New Stage: Mirai no Tomodachi,"Fantasy, Magic, Shoujo",Movie,1
2635,1079,Armitage III,"Action, Adventure, Mecha, Police, Romance, Sci-Fi",OVA,4
2639,2669,Doraemon Movie 06: Nobita no Little Star Wars,"Fantasy, Space",Movie,1
2640,2678,Doraemon Movie 18: Nobita no Nejimaki City Boukenki,"Adventure, Fantasy, Kids, Shounen",Movie,1
2643,10115,Friends: Mononoke Shima no Naki,"Comedy, Fantasy, Kids",Movie,1
2677,23619,Haiyore! Nyaruko-san W OVA,"Comedy, Ecchi, Parody",OVA,1
2687,6324,Omamori Himari,"Action, Comedy, Demons, Ecchi, Harem, Romance, Supernatural",TV,12
2712,2797,Koukou Tekken-den Tough,"Action, Martial Arts, Shounen",OVA,3
2731,6098,Sora no Manimani,"Comedy, Romance, School, Slice of Life",TV,12
2746,2815,Geragera Boes Monogatari,"Comedy, Kids",TV,52
2761,17391,Senyuu. Specials,"Action, Comedy, Fantasy, Shounen",Special,4
2767,6312,Taiho Shichau zo: Full Throttle Special,"Action, Adventure, Comedy, Police",Special,1
2778,3432,Chou Mashin Eiyuuden Wataru,"Action, Adventure, Comedy, Mecha",TV,51
2793,2130,Kaibutsu Oujo,"Action, Comedy, Horror, Shounen, Supernatural, Vampire",TV,25
2794,33511,Koro-sensei Q!,"Comedy, Shounen",Movie,1
2805,24211,Orenchi no Furo Jijou,"Comedy, Fantasy, Shoujo",TV,13
2817,4021,Seiyou Kottou Yougashiten: Antique,"Comedy, Shoujo, Shounen Ai",TV,12
2827,20449,"Watashi ga Motenai no wa Dou Kangaetemo Omaera ga Warui!: Motenaishi, Nazomeite Miru","Comedy, School, Slice of Life",OVA,1
2833,291,D.C.S.S: Da Capo Second Season,"Comedy, Drama, Harem, Romance, Supernatural",TV,26
2851,31378,Owari no Seraph: Kyuuketsuki Shahar,"Action, Drama, Shounen, Supernatural, Vampire",OVA,1
2862,3737,Usavich,"Adventure, Comedy",TV,13
2893,6178,Pokemon Diamond &amp; Pearl: Arceus Choukoku no Jikuu e,"Action, Adventure, Comedy, Drama, Fantasy, Kids",Movie,1
2906,2206,Galaxy Angel Z Special,"Comedy, Sci-Fi",Special,1
2923,7695,Pokemon Diamond &amp; Pearl: Genei no Hasha Zoroark,"Action, Adventure, Fantasy, Kids",Movie,1
2929,30363,Shinmai Maou no Testament Burst,"Action, Demons, Ecchi, Fantasy, Harem, Romance",TV,10
2931,2604,Sky Girls,"Mecha, Military, Sci-Fi",TV,26
2941,10418,Deadman Wonderland OVA,"Action, Horror, Sci-Fi",OVA,1
2942,3561,Dennou Boukenki Webdiver,"Adventure, Mecha, Sci-Fi, Shounen",TV,52
2945,24457,Houkago no Ouji-sama,"Comedy, School, Shounen, Sports",Special,5
2953,20039,Kill Me Baby: Butsuzou Kegatte Nise Halloween,"Comedy, School",OVA,1
2974,659,Azumanga Daioh: Gekijou Tanpen,"Comedy, School, Slice of Life",Special,1
2995,521,Mermaid Melody Pichi Pichi Pitch,"Adventure, Comedy, Magic, Romance, Shoujo",TV,52
3015,1953,Code Geass: Hangyaku no Lelouch Picture Drama,"Comedy, School, Slice of Life",Special,9
3024,33740,Katekyo Hitman Reborn! x ēlDLIVE Special,"Shounen, Super Power",Special,1
3028,3313,Montana Jones,"Adventure, Comedy",TV,52
3039,5895,Tistou Midori no Oyayubi,"Historical, Magic",Movie,1
3065,598,Jinzou Ningen Kikaider The Animation,"Action, Drama, Mecha, Sci-Fi, Shounen",TV,13
3067,1457,Key the Metal Idol,"Action, Drama, Mecha, Music, Sci-Fi",OVA,15
3107,20871,Nissan Serena x One Piece 3D: Mugiwara Chase - Sennyuu!! Sauzando Sanii-gou,"Comedy, Fantasy, Shounen",Special,1
3124,3407,Blassreiter,"Action, Sci-Fi",TV,24
3139,6293,Koukou Butouden Crows,"Action, School, Shounen",OVA,2
3141,1399,Macross 7 Encore,"Action, Comedy, Drama, Mecha, Music, Sci-Fi, Shounen",OVA,3
3167,2916,Genki Bakuhatsu Ganbaruger,"Mecha, Shounen",TV,47
3169,1180,Hyper Police,"Action, Comedy, Police, Romance, Sci-Fi",TV,25
3184,12223,Scryed Alteration II: Quan,"Action, Adventure, Sci-Fi, Shounen, Super Power",Movie,1
3186,32409,Shinmai Maou no Testament Burst Specials,"Comedy, Demons, Ecchi",Special,5
3191,308,Zettai Shounen,"Drama, Fantasy, Mystery, Sci-Fi, Shounen",TV,26
3192,2404,Zombie-Loan,"Action, Horror, Shounen, Supernatural",TV,11
3202,502,Dragon Ball Movie 1: Shen Long no Densetsu,"Action, Adventure, Comedy, Fantasy, Shounen, Super Power",Movie,1
3207,811,I&#039;&#039;s Pure,"Comedy, Drama, Ecchi, Romance, School",OVA,6
3238,280,Animal Yokochou,"Adventure, Comedy, Fantasy, Shoujo",TV,51
3241,27653,Crayon Shin-chan Movie 23: Ora no Hikkoshi Monogatari - Saboten Daisuugeki,"Comedy, Kids, Shounen",Movie,1
3262,12591,Ojamajo Doremi OVA,"Kids, Magic",OVA,3
3268,32160,Precure All Stars Movie: Minna de Utau♪ - Kiseki no Mahou,"Action, Comedy, Fantasy, Magic, Music, Shoujo",Movie,1
3278,711,Uchuu Senkan Yamato (Movie),"Drama, Military, Sci-Fi, Space",Movie,1
3284,1249,"Zone of the Enders: Dolores, I","Action, Adventure, Comedy, Mecha, Military, Sci-Fi, Space",TV,26
3292,1929,Futari wa Precure: Max Heart,"Action, Comedy, Fantasy, Magic, Shoujo",TV,47
3305,1174,Munto,"Fantasy, Magic, Romance",OVA,1
3308,28431,Pokemon Omega Ruby &amp; Alpha Sapphire: Mega Special Animation,"Action, Adventure, Fantasy, Kids",ONA,1
3317,971,Astro Boy: Tetsuwan Atom,"Action, Adventure, Kids, Mecha, Sci-Fi, Shounen, Super Power",TV,50
3326,10116,Crayon Shin-chan Movie 19: Arashi wo Yobu Ougon no Spy Daisakusen,Comedy,Movie,1
3336,2230,Hana no Ko Lunlun,"Drama, Magic, Shoujo",TV,50
3343,2201,Pokemon Advanced Generation: Pokemon Ranger to Umi no Ouji Manaphy,"Action, Adventure, Drama, Fantasy, Kids",Movie,1
3353,2715,Totsuzen! Neko no Kuni Banipal Witt,Adventure,Movie,1
3354,1540,"Touch: Miss Lonely Yesterday - Are kara, Kimi wa...","Romance, Shounen, Sports",Special,1
3372,3710,Hakaba Kitarou,"Horror, Supernatural",TV,11
3383,2016,Mermaid Forest OVA,"Drama, Fantasy, Horror, Mystery",OVA,1
3385,9693,Moshidora,"Drama, Sports",TV,10
3400,3631,Aoi Blink,"Adventure, Fantasy",TV,39
3409,124,Fushigi Yuugi: Eikouden,"Adventure, Drama, Fantasy, Romance, Shoujo",OVA,4
3412,5091,Manga Sarutobi Sasuke,"Adventure, Comedy, Historical, Supernatural",TV,24
3421,19841,Super Seisyun Brothers,"Comedy, Josei, Slice of Life",TV,14
3440,3547,Kochira Katsushikaku Kameari Kouenmae Hashutsujo The Movie 2: UFO Shuurai! Tornado Daisakusen,"Comedy, Police",Movie,1
3441,5891,Kousoku Denjin Albegus,Mecha,TV,45
3442,20889,Kuro no Sumika: Chronus,Psychological,Movie,1
3444,13247,Lupin III: Lupin Ikka Seizoroi,"Adventure, Comedy, Shounen",Special,1
3452,9884,Osomatsu-kun,Comedy,TV,56
3453,31756,Owari no Seraph: The Beginning of the End,"Action, Drama, Shounen, Supernatural, Vampire",Special,1
3462,2087,VS Knight Lamune &amp; 40 Fire,"Comedy, Fantasy, Mecha, Shounen",TV,26
3464,2554,Ai Shoujo Pollyanna Story,"Drama, Historical, Slice of Life",TV,51
3490,11241,Brave 10,"Action, Adventure, Historical, Samurai, Seinen, Super Power",TV,12
3495,2757,Juuni Senshi Bakuretsu Eto Ranger,"Action, Comedy, Fantasy",TV,39
3500,1423,Lupin III: Napoleon no Jisho wo Ubae,"Action, Adventure, Comedy, Shounen",Special,1
3505,6031,Osu!! Karate Bu,"Martial Arts, School, Shounen",OVA,4
3506,23849,Pokemon XY: Sora no Hahen,"Adventure, Fantasy, Kids",Movie,1
3514,9875,Anime Tenchou x Touhou Project,"Fantasy, Magic",Special,1
3518,12549,"Dakara Boku wa, H ga Dekinai.","Comedy, Ecchi, Romance, Supernatural",TV,12
3520,2520,Dragon Ball Specials,"Comedy, Fantasy, Shounen, Super Power",Special,2
3556,1707,Kinnikuman II Sei,"Action, Comedy, Martial Arts, Sci-Fi, Shounen, Sports",TV,51
3570,1532,Suki na Mono wa Suki Dakara Shou ga Nai!!,"Comedy, Drama, Romance, Shoujo, Shounen Ai, Slice of Life",TV,12
3571,4532,Taiyou no Yuusha Fighbird,"Action, Mecha, Sci-Fi",TV,48
3612,894,Dragon Ball Z Movie 01: Ora no Gohan wo Kaese!!,"Adventure, Comedy, Fantasy, Sci-Fi, Shounen",Movie,1
3615,4124,Futari wa Precure: Splash☆Star Movie - Tick Tack Kiki Ippatsu!,"Fantasy, Kids, Magic, Shoujo",Movie,1
3616,4856,Fuuma no Kojirou: Fuuma Hanran-hen,Action,OVA,1
3629,2614,Mirai Shounen Conan: Tokubetsu-hen - Kyodaiki Gigant no Fukkatsu,"Adventure, Drama, Sci-Fi",Movie,1
3635,3765,Pygmalio,"Adventure, Fantasy",TV,39
3648,27737,Battle Spirits: Burning Soul,"Action, Kids",TV,51
3679,1219,Chocotto Sister,"Comedy, Drama, Romance",TV,24
3688,649,Hanaukyou Maid-tai: La Verite,"Comedy, Ecchi, Harem, Romance",TV,12
3689,21407,Happiness Charge Precure!,"Action, Fantasy, Magic, Shoujo",TV,49
3698,6741,Makai Senki Disgaea: Welcome to Netherworld,"Action, Comedy, Demons, Fantasy, Magic",Special,1
3699,10945,Maria†Holic Alive Special,"Comedy, Parody, Romance, School",Special,1
3707,623,Shichinin no Nana,"Adventure, Comedy, Magic, Romance, School",TV,25
3708,10297,Shin Koihime†Musou: Otome Tairan OVA,"Comedy, School",OVA,1
3717,1112,Vandread: Taidou-hen,"Action, Adventure, Comedy, Ecchi, Mecha, Sci-Fi, Space",OVA,1
3719,2688,Akai Koudan Zillion,"Action, Adventure, Military, Sci-Fi, Shounen",TV,31
3733,2938,Idol Densetsu Eriko,Music,TV,51
3746,30365,Shinmai Maou no Testament Burst OVA,"Action, Demons, Ecchi, Fantasy, Harem, Romance",OVA,1
3765,1898,Hikari to Mizu no Daphne Specials,"Action, Comedy, Ecchi",Special,2
3770,25375,Moon Pride,"Magic, Music, Romance, Supernatural",Music,1
3778,1541,Souten no Ken,"Action, Historical, Martial Arts",TV,22
3783,27887,Yama no Susume Second Season Specials,"Comedy, Slice of Life",Special,2
3796,19109,Fate/kaleid liner Prisma☆Illya Specials,"Comedy, Ecchi, Fantasy, Magic",Special,5
3802,6297,Kamen Rider Den-O: Imagin Anime 2,"Action, Adventure, Comedy, Kids, Super Power",OVA,12
3804,4262,Koihime†Musou,"Action, Adventure, Fantasy, Historical, Martial Arts",TV,12
3808,31980,Okusama ga Seitokaichou! OVA,"Comedy, Ecchi, Romance, Shounen",OVA,1
3834,25897,Love Live! School Idol Project: μ&#039;s →NEXT LoveLive! 2014 - Endless Parade Makuai Drama,Comedy,Special,3
3862,12499,Crayon Shin-chan Movie 20: Arashi wo Yobu! Ora to Uchuu no Princess,"Comedy, Kids, Shounen",Movie,1
3877,1748,Piyoko ni Omakase pyo!,"Comedy, Sci-Fi, Shounen",OVA,8
3899,15547,Cross Fight B-Daman eS,Kids,TV,52
3923,6330,Shakugan no Shana: Friagne to Marianne no Naze Nani Shana! Nandemo Shitsumonbako!,"Comedy, Fantasy, Supernatural",Special,8
3957,7774,Shin Koihime†Musou OVA,"Comedy, Ecchi, Fantasy",OVA,1
3962,10532,Working&#039;!! Announcement Specials,Comedy,ONA,2
3970,10260,Eiyuu Densetsu: Sora no Kiseki The Animation,"Action, Adventure, Fantasy",OVA,2
3975,9095,Hitomi no Naka no Shounen: Juugo Shounen Hyouryuuki,"Adventure, Historical",Special,1
3986,616,Nurse Angel Ririka SOS,"Drama, Fantasy, Magic, Shoujo",TV,35
3989,2826,Oz no Mahoutsukai (1986),"Adventure, Fantasy, Kids",TV,52
4001,926,Transformers Victory,"Adventure, Mecha, Sci-Fi, Shounen",TV,44
4008,2576,Araiguma Rascal,"Drama, Historical, Slice of Life",TV,52
4013,6855,Da Nao Tiangong,Adventure,Movie,1
4017,5973,Fight Ippatsu! Juuden-chan!!,"Comedy, Ecchi, Sci-Fi, Shounen",TV,12
4025,8208,Jigoku Sensei Nube (Movie),"Adventure, Comedy, Horror, School, Shounen, Supernatural",Movie,1
4031,1433,Lupin III: Babylon no Ougon Densetsu,"Action, Adventure, Comedy, Shounen",Movie,1
4034,921,Nurse Witch Komugi-chan Magikarte Z,"Comedy, Magic, Parody",OVA,2
4049,9736,Astarotte no Omocha!,"Comedy, Demons, Ecchi, Fantasy, Romance, Seinen",TV,12
4057,31050,Cyborg 009 VS Devilman,"Action, Demons, Sci-Fi, Shounen, Super Power, Supernatural",OVA,3
4059,2795,Dragonaut: The Resonance,"Action, Drama, Fantasy, Mecha, Romance, Sci-Fi",TV,25
4061,8187,Fumiko no Kokuhaku,Comedy,ONA,1
4063,260,Happy☆Lesson (TV),"Comedy, Drama, Harem, Romance, Slice of Life",TV,13
4066,4808,Hurricane Polymar,"Action, Adventure, Police, Sci-Fi, Super Power",TV,26
4080,2970,Night Wizard,"Adventure, Fantasy, Magic, Shounen",TV,13
4084,919,Ray The Animation,"Drama, Romance, Sci-Fi",TV,13
4088,23459,Sekai Seifuku: Bouryaku no Zvezda - Shin Zvezda Daisakusen,"Action, Comedy, Fantasy",Special,1
4093,10702,Tekken: Blood Vengeance,"Action, Fantasy, Martial Arts, Sci-Fi, Supernatural",Movie,1
4094,2114,Tenkuu Senki Shurato: Sousei e no Anto,"Action, Fantasy, Magic, Shounen",OVA,6
4099,1266,Yoroiden Samurai Troopers Kikoutei Densetsu,"Adventure, Fantasy, Samurai, Shounen",OVA,4
4106,1758,Di Gi Charat Tsuyu Specials,Comedy,Special,2
4128,1161,Maze☆Bakunetsu Jikuu (TV),"Adventure, Comedy, Fantasy, Mecha, Shounen",TV,25
4129,3836,Meiken Jolie,"Adventure, Historical",TV,52
4132,12663,Patalliro! Stardust Keikaku,"Adventure, Comedy, Romance, Shoujo, Shounen Ai",Movie,1
4133,29697,Prince of Tennis: Message in a Bottle,"Comedy, School, Shounen, Sports",Special,1
4136,33524,Sakamoto desu ga? Special,"Comedy, School, Seinen",Special,1
4138,2628,"The☆Doraemons: Strange, Sweets, Strange?",Fantasy,Movie,1
4161,518,Mahou no Princess Minky Momo,"Magic, Shoujo",TV,63
4166,13833,Nagareboshi Lens,"Romance, Shoujo",OVA,1
4180,1750,Amaenaide yo!! Katsu!!: Damasarenaide yo!!,"Comedy, Ecchi, Romance, Supernatural",Special,1
4187,3023,Esper Mami,"Comedy, Ecchi, Magic, School, Super Power, Supernatural",TV,119
4193,1325,Hamelin no Violin Hiki,"Adventure, Drama, Fantasy",TV,25
4209,14199,Oniichan dakedo Ai Sae Areba Kankeinai yo ne!,"Comedy, Ecchi, Harem, Romance, School",TV,12
4212,17573,Planetarium Uchuu Kyoudai: Itten no Hikari,"Comedy, Sci-Fi, Seinen, Slice of Life",Movie,1
4214,14093,Pokemon Best Wishes! Season 2,"Action, Adventure, Comedy, Fantasy, Kids",TV,24
4224,3761,Wanwan Sanjuushi,"Adventure, Historical",TV,26
4234,2650,"Doraemon Movie: Boku, Momotarou no Nanna no Sa","Adventure, Fantasy, Kids, Sci-Fi, Shounen",Movie,1
4242,1409,IGPX: Immortal Grand Prix,"Mecha, Sci-Fi, Shounen, Sports",TV,5
4243,5333,Ikkitousen: Great Guardians Specials,"Comedy, Ecchi",Special,6
4244,2565,Jungle Taitei: Susume Leo!,"Adventure, Shounen",TV,26
4250,2039,Mahou no Yousei Persia,"Comedy, Magic",TV,48
4251,17743,"Maoyuu Maou Yuusha: Kono Monogatari wa, Daniku dake Dewanai no ja!","Adventure, Demons, Fantasy, Romance",Special,1
4252,8245,Metal Fight Beyblade vs. Taiyou: Shakunetsu no Shinryakusha Sol Blaze,"Adventure, Comedy, Sports",Movie,1
4269,27911,Anime de Wakaru Shinryounaika,"Comedy, Seinen",ONA,20
4274,4712,Digimon Savers: Agumon! Gaomon! Lalamon! Bakuretsu! Jougai Last Battle!,"Action, Adventure, Comedy, Fantasy, Sci-Fi, Supernatural",Special,1
4276,13263,Fate/Zero: Onegai! Einzbern Soudanshitsu,Comedy,Special,6
4289,8783,Nezha Nao Hai,Kids,Movie,1
4290,24991,No Game No Life Specials,"Ecchi, Fantasy, Game",Special,6
4292,2615,Otome wa Boku ni Koishiteru Special,"Comedy, Romance, School",Special,1
4295,1742,Souryuuden,"Drama, Mystery, Super Power, Supernatural",OVA,12
4296,2619,Spider Riders: Oracle no Yuusha-tachi,"Action, Adventure, Mecha",TV,26
4310,9706,Canaan: Minorikawa Report 201X Shanghai,"Action, Seinen",Special,1
4326,8507,Ikkitousen: Xtreme Xecutor Specials,"Comedy, Ecchi",Special,6
4329,5305,Koihime†Musou OVA,"Comedy, Fantasy, School",OVA,1
4347,928,Transformers Galaxy Force,"Adventure, Mecha, Sci-Fi, Shounen",TV,52
4355,4197,Blue Dragon: Tenkai no Shichi Ryuu,"Adventure, Comedy, Fantasy, Supernatural",TV,51
4357,5618,Dokonjou Gaeru,"Comedy, Slice of Life",TV,103
4358,2641,Doraemon: It&#039;s Winter!,"Adventure, Comedy, Fantasy, Kids, Shounen",Special,1
4363,1019,Honoo no Mirage,"Action, Drama, Historical, Romance, School, Shounen Ai, Supernatural",TV,13
4382,175,Tokyo Underground,"Action, Adventure, Romance, Sci-Fi, Shounen, Super Power",TV,26
4384,1958,Wish,Music,Music,1
4395,5945,Element Hunters,"Sci-Fi, Shounen",TV,39
4437,5266,Choujuu Kishin Dancougar: God Bless Dancougar,"Action, Mecha, Sci-Fi",OVA,1
4509,14957,Shakugan no Shana: Friagne to Marianne no Naze Nani Shana! Nandemo Shitsumonbako! 2,"Comedy, Fantasy, Supernatural",Special,8
4531,13799,Pokemon: Meloetta no Kirakira Recital,"Adventure, Comedy, Fantasy, Kids, Music",Movie,1
4540,1980,Trava: Fist Planet,"Action, Comedy, Mecha, Sci-Fi, Space",OVA,4
4541,7839,UFO Robo Grendizer: Akai Yuuhi no Taiketsu,"Mecha, Sci-Fi",Movie,1
4548,6511,Beast Wars Neo,"Action, Adventure, Mecha, Shounen, Super Power",TV,35
4555,863,Joshikousei: Girl&#039;s High,"Comedy, Drama, Ecchi, School, Slice of Life",TV,12
4562,9936,Maken-Ki!,"Action, Ecchi, Harem, Martial Arts, School, Super Power",TV,12
4564,2456,Mori no Densetsu,"Adventure, Drama, Fantasy, Music",Movie,1
4572,31716,Rewrite,"Action, Comedy, Romance, School, Supernatural",TV,13
4580,6137,Tsuki no Waltz,Music,Music,1
4594,1178,Detonator Orgun,"Action, Mecha, Sci-Fi",OVA,3
4610,3823,Little Lulu to Chicchai Nakama,"Comedy, Kids, Slice of Life",TV,26
4618,21497,Sengoku Musou SP: Sanada no Shou,"Action, Historical, Samurai",Special,1
4644,33421,Hitori no Shita: The Outcast,"Action, Super Power, Supernatural",TV,12
4645,11101,Honoo no Alpenrose,"Drama, Historical, Romance, Shoujo",OVA,2
4657,9916,Samurai Giants,Sports,TV,46
4660,3410,Sky Girls Specials,"Comedy, Mecha, Military, Sci-Fi",Special,9
4662,13679,Tottoko Hamtarou Hai!,"Adventure, Kids",TV,77
4666,3800,Arrow Emblem Grand Prix no Taka,"Cars, Drama, Sports",TV,44
4681,2895,Kujiratori,Adventure,Movie,1
4713,3522,Choujin Locke,"Action, Sci-Fi, Super Power",Movie,1
4717,5883,Examurai Sengoku,"Action, Martial Arts, Samurai, Sci-Fi",TV,24
4723,8101,HenSemi,"Comedy, Ecchi, Seinen",OVA,2
4732,31560,Miss Monochrome: The Animation 3,"Comedy, Music, Slice of Life",TV,13
4736,6625,Nono-chan,"Comedy, Slice of Life",TV,61
4774,783,Miami Guns,"Comedy, Ecchi, Police, Shounen",TV,13
4775,2306,Mobile Suit SD Gundam&#039;s Counterattack,"Comedy, Mecha, Parody",OVA,2
4778,4013,Paul no Miracle Daisakusen,"Action, Adventure, Kids",TV,51
4783,684,Tenshi no Shippo Chu!,"Fantasy, Magic, Romance",TV,11
4804,6657,Joshikousei: Girl&#039;s High Specials,"Comedy, Slice of Life",Special,3
4807,6509,Kiteretsu Daihyakka,"Comedy, Drama, Slice of Life",TV,331
4808,7430,Konjiki no Gash Bell!!: Ougon no Chichi wo Motsu Otoko,"Action, Adventure, Comedy, Ecchi, Kids, Magic, Romance, Super Power, Supernatural",OVA,1
4826,55,Arc the Lad,"Action, Adventure, Fantasy, Horror, Sci-Fi",TV,26
4836,1235,I&#039;&#039;s Pure Bonus,"Comedy, Ecchi, Romance",Special,5
4848,9789,Nezumi Monogatari: George to Gerald no Bouken,"Adventure, Kids",Movie,1
4875,4314,Nanami-chan 2nd Series,"Comedy, Kids",TV,16
4887,33208,Utawarerumono: Itsuwari no Kamen Specials,"Comedy, Fantasy",Special,2
4912,10810,Pucca (2008),"Action, Comedy, Parody, Romance",TV,13
4930,1789,Argento Soma Special,"Action, Mecha, Sci-Fi",Special,1
4941,13139,Gakkatsu!,"Comedy, School",TV,25
4943,16199,Girls und Panzer: Shoukai Shimasu!,"Military, School",Special,2
4948,1456,L/R: Licensed by Royal,"Action, Adventure, Mystery, Police",TV,12
4951,5164,Macross 25th Anniversary: All That VF Macross Zero Version,"Action, Mecha, Sci-Fi",ONA,1
4954,31121,Monster Musume no Iru Nichijou: Hobo Mainichi ◯◯! Namappoi Douga,"Comedy, Slice of Life",ONA,60
4958,21571,"Pokemon: Pikachu, Kore Nan no Kagi?","Adventure, Comedy, Fantasy, Kids",Movie,1
4974,7395,Card Wang: Mix Master,"Adventure, Fantasy, Game, Shounen",TV,39
4982,2073,Hengen Taima Yakou Karura Mau! Sendai Kokeshi Enka,"Horror, Shoujo",OVA,6
4990,4760,Kanokon Specials,Ecchi,Special,12
5003,6555,Pokemon: Pikachu no Kirakira Daisousaku!,"Adventure, Comedy, Fantasy, Kids",Special,1
5013,5819,Tori no Uta,Fantasy,OVA,1
5023,30907,Eine Kleine,"Drama, Music, Romance, Slice of Life",Music,1
5047,943,Yume Tsukai,"Drama, Fantasy, Magic, Slice of Life",TV,12
5053,7157,Dr. Slump Movie 07: Arale-chan N-cha! Penguin Mura yori Ai wo Komete,"Comedy, Sci-Fi, Shounen",Movie,1
5060,9333,Koi☆Sento,"Comedy, Romance",OVA,1
5062,1495,Maetel Legend,"Drama, Sci-Fi, Space",OVA,2
5064,6492,Minky Momo in Tabidachi no Eki,"Drama, Fantasy, Magic, Shoujo",OVA,1
5069,3758,Panda no Daibouken,Adventure,Movie,1
5087,6452,Akuu Daisakusen Srungle,"Action, Mecha, Sci-Fi",TV,53
5090,5070,Beast Wars Second Chou Seimeitai Transformers,"Action, Mecha, Sci-Fi",TV,43
5092,2142,Blue Dragon,"Adventure, Comedy, Fantasy, Supernatural",TV,51
5096,21041,Follow Me,"Drama, Music, Romance, Slice of Life",Music,1
5109,23399,Minami no Shima no Dera-chan,"Comedy, Slice of Life",Movie,1
5126,27387,Under the Dog,"Action, Sci-Fi, Thriller",OVA,1
5129,5935,Animation Kikou: Marco Polo no Bouken,"Adventure, Historical",TV,43
5133,2915,Chikyuu ga Ugoita Hi,Drama,Movie,1
5138,336,Ginyuu Mokushiroku Meine Liebe,"Fantasy, Shoujo",TV,13
5156,10849,Shinryaku! Ika Musume: Ika Ice Tabena-ika?,Music,Music,1
5167,3114,Chiisana Kyojin Microman,"Action, Adventure, Comedy, Kids, Mecha, Sci-Fi, Shounen, Super Power",TV,52
5179,10207,Lily to Kaeru to (Otouto),"Adventure, Comedy, Supernatural",Special,1
5191,5272,Tondemo Nezumi Daikatsuyaku,Adventure,Movie,1
5207,1905,Harukanaru Toki no Naka de: Hachiyou Shou Specials,"Fantasy, Historical, Magic, Romance, Shoujo, Supernatural",Special,8
5211,22049,Just Awake,"Action, Music, Sci-Fi",Music,1
5226,3399,Rokushin Gattai GodMars,"Action, Mecha, Sci-Fi, Space",TV,64
5229,12337,Soukou Kihei Votoms Recaps,"Action, Drama, Mecha, Military, Sci-Fi",OVA,4
5230,14333,Tanken Driland,"Adventure, Fantasy",TV,37
5249,17813,Kyoto Animation: Megane-hen,Thriller,Special,1
5253,34239,Mutsugo to Ouma no Monogatari,"Comedy, Parody",ONA,6
5254,2621,Natsu e no Tobira,"Drama, Romance, Shoujo, Shounen Ai",Movie,1
5263,33934,Trigger-chan,Action,ONA,1
5267,19973,Ashita no Joe Pilots,"Drama, Sports",Special,2
5272,18669,Black Jack: Karte NG Extras,Comedy,Special,1
5301,1048,The SoulTaker: Tamashii-gari,"Demons, Horror, Supernatural",TV,13
5305,2464,Yoshinaga-san&#039;chi no Gargoyle Specials,"Adventure, Comedy, Fantasy",Special,5
5309,23583,Akage no Anne Specials,"Drama, Historical, Kids, Shoujo, Slice of Life",Special,2
5324,1193,Happy Seven: The TV Manga,"Comedy, Fantasy",TV,13
5343,30246,Space☆Dandy 2nd Season Picture Drama,"Comedy, Sci-Fi, Space",Special,3
5353,8145,Gegege no Kitarou: Nippon Bakuretsu,"Action, Fantasy, Horror, Kids, Shounen, Supernatural",Movie,1
5366,3065,Ozanari Dungeon: Kaze no Tou,"Action, Adventure, Comedy, Fantasy",OVA,3
5380,20965,Wonder Garden,Fantasy,ONA,1
5382,1346,AD Police,"Adventure, Dementia, Mecha, Mystery, Police, Psychological, Sci-Fi, Thriller",OVA,3
5383,15607,Ai no Wakakusa Monogatari Specials,"Drama, Historical, Slice of Life",Special,2
5394,8743,Memory (ONA),"Drama, Military, Sci-Fi, Slice of Life",ONA,1
5402,32993,Sore ga Seiyuu!: Petit Uchiage,"Comedy, Slice of Life",Special,1
5418,17785,Jungle wa Itsumo Hare nochi Guu: Eizou Tokuten - Maboroshi no Pilot Film,Comedy,Special,1
5420,9014,Kuttsukiboshi,"Drama, Romance, Shoujo Ai, Supernatural",OVA,2
5432,3474,Push,Parody,Special,1
5446,9163,Attack No.1 (1970),"Drama, Shoujo, Sports",Movie,1
5456,6413,Go! Go! Ackman,"Action, Comedy, Supernatural",OVA,1
5493,7171,Oni,"Demons, Historical, Supernatural",Movie,1
5511,2822,Bamboo Bears,Comedy,TV,52
5517,4737,Himitsukessha Taka no Tsume,"Comedy, Parody, Super Power",TV,12
5528,2571,Mitsubachi Maya no Bouken,"Adventure, Comedy, Kids",TV,52
5530,34252,STAR BEAT!: Hoshi no Kodou,Music,Music,1
5540,8548,Dr. Slump Movie 08: Arale-chan Hoyoyo!! Tasuketa Same ni Tsurerarete...,"Comedy, Sci-Fi, Shounen",Movie,1
5550,3278,Kinnikuman: New York Kiki Ippatsu!,"Action, Comedy, Shounen, Sports",Movie,1
5592,3315,Kikou Keisatsu Metal Jack,"Action, Mecha, Police, Sci-Fi",TV,37
5607,21861,Airy Me,"Dementia, Drama, Horror, Music",Music,1
5614,16740,Hanamaru Youchien Special Preview,"Comedy, School",Special,1
5617,28883,Hidan no Aria AA,"Action, School, Shoujo Ai",TV,12
5636,33247,Tsubasa to Hotaru (2016),"Romance, School, Shoujo",Special,3
5653,2281,Jikuu Tantei Genshi-kun,"Adventure, Comedy, Fantasy, Mystery, Sci-Fi, Shounen",TV,39
5654,9748,Kaze wo Nuke!,Sports,OVA,1
5660,31927,Phantom of the Kill: Zero kara no Hangyaku,"Action, Adventure, Fantasy",Movie,1
5664,25883,Taisei Kensetsu: Vietnam Noi Bai Kuukou,Drama,Special,1
5691,9731,Nurarihyon no Mago Recaps,"Action, Demons, Shounen, Supernatural",Special,2
5698,6437,Sora wo Kakeru Shoujo Picture Drama,"Adventure, Comedy, Sci-Fi, Space",Special,9
5735,5344,Time Bokan Series: Itadakiman,Mecha,TV,20
5744,2885,Ganbare Goemon,"Comedy, Shounen",TV,23
5752,2609,Kakyuusei (1999),"Drama, Harem, Romance, School",TV,14
5757,499,Makai Toshi Shinjuku,"Adventure, Horror, Romance, Shounen, Supernatural",OVA,1
5765,13843,Wild Adapter,"Action, Drama, Mystery, Shoujo",OVA,2
5780,2423,Grey: Digital Target,"Action, Fantasy, Sci-Fi",Movie,1
5860,3120,Bobby ni Kubittake,"Drama, Romance, Slice of Life",Movie,1
5873,22435,New Mobile Report Gundam Wing: Frozen Teardrop Picture Drama - Aratanaru Tatakai,"Action, Mecha, Sci-Fi",Special,1
5877,1100,Soreyuke! Uchuu Senkan Yamamoto Yohko,"Adventure, Comedy, Sci-Fi",OVA,3
5898,3723,Koala Boy Kokki,Comedy,TV,26
5899,5725,Kodai Ouja Kyouryuu King: Yokuryuu Densetsu,"Action, Adventure, Game, Kids, Sci-Fi",TV,30
5903,28381,Monster High: Kowa-ike Girls,"Kids, Shoujo, Supernatural",ONA,8
5929,23989,Maken-Ki! Two Specials,Ecchi,Special,5
5984,1938,Shin Kaitei Gunkan,"Action, Adventure, Fantasy, Historical, Military, Sci-Fi",OVA,2
5989,17879,Tamako Market Specials,Comedy,Special,6
6010,2083,Natsuki Crisis,"Action, Martial Arts, School",OVA,2
6035,14095,Kamen Rider Fourze x Crayon Shin-chan,"Action, Comedy, Kids, Shounen",Special,4
6036,2049,Kouryuu Densetsu Villgust,"Action, Adventure, Comedy, Fantasy, Romance",OVA,2
6049,9794,Tono to Issho 1.5,"Comedy, Historical, Parody, Samurai, Seinen",OVA,1
6078,854,Soul Link,"Action, Adventure, Comedy, Military, Romance, Sci-Fi, Space",TV,12
6087,8216,Aa Harimanada,"Martial Arts, Seinen, Sports",TV,23
6095,426,Final Fantasy,"Action, Adventure, Comedy, Fantasy",OVA,4
6099,32548,Imawa no Kuni no Alice,Action,ONA,1
6100,5287,Ippatsu Kanta-kun,"Action, Adventure, Comedy, Kids, Sports",TV,53
6130,204,Yumeria,"Action, Comedy, Ecchi, Harem, Super Power",TV,12
6154,8464,Pants no Ana,"Comedy, Ecchi, School",OVA,1
6164,28433,Baymax,"Drama, Music, Sci-Fi, Slice of Life",Music,1
6167,25567,DRAMAtical Murder OVA: Data_xx_Transitory,"Drama, Psychological, Sci-Fi, Shounen Ai",Special,1
6176,2226,Mori no Tonto-tachi,"Fantasy, Kids",TV,23
6186,1228,Chivas 1-2-3,"Action, Comedy, Ecchi, Fantasy, Supernatural",OVA,2
6188,17727,Haitai Nanafa 2nd Season,"Comedy, Supernatural",TV,13
6218,1975,Mutekiou Tri-Zenon,"Mecha, Sci-Fi",TV,22
6231,2723,D4 Princess,"Action, Comedy, Magic, Mecha, Sci-Fi",TV,24
6235,3434,Hey! Bumboo,"Adventure, Cars, Kids",TV,130
6240,1926,Jishu Seisaku Movie Binchou-tan,"Music, Slice of Life",Music,1
6241,23753,Kishin Houkou Demonbane (TV) Specials,"Magic, Mecha, Sci-Fi, Supernatural",Special,2
6245,1874,Love♥Love? Specials,"Comedy, Ecchi, Harem, Romance",Special,4
6254,32816,Teekyuu 6 Specials,"Comedy, Shounen, Sports",Special,2
6255,13983,Thermae Romae: Kodai Romajin ga Uchuu e,"Comedy, Seinen, Space",Special,1
6324,2476,School Days,"Drama, Harem, Romance, School",TV,12
6330,14367,Tenshi na Konamaiki Specials,Shounen,Special,13
6342,33281,Mori no Andou,Comedy,ONA,1
6350,4534,Choujin Locke: Shinsekai Sentai,"Action, Sci-Fi, Super Power",OVA,2
6366,2245,Seraphim Call,"Drama, Romance, Sci-Fi",TV,12
6391,28715,Rusty Nail,"Action, Music, Sci-Fi",Music,1
6414,1267,Yoroiden Samurai Troopers Message,"Adventure, Fantasy, Samurai, Shounen",OVA,5
6435,18205,World Fool News (TV),"Comedy, Slice of Life",TV,12
6437,23825,Ys IV: The Dawn of Ys,"Action, Adventure, Fantasy, Game",Special,1
6458,24109,Tooryanse,"Music, Supernatural",Music,1
6482,27789,Yodaka no Hoshi (Music),"Drama, Fantasy, Music, Slice of Life",Music,1
6501,6809,Toshi Densetsu Monogatari Hikiko,Horror,OVA,1
6524,8707,Wakusei Robo Danguard Ace tai Konchuu Robot Gundan,"Mecha, Sci-Fi",Movie,1
6531,9264,Hana no Ko Lunlun: Konnichiwa Sakura no Kuni,"Drama, Magic, Shoujo",Movie,1
6535,13195,"Misenai Namida wa, Kitto Itsuka","Fantasy, Music",Music,1
6539,24179,Strobe Light,Music,Music,1
6542,5263,Tomorrow&#039;s Song,Music,Music,1
6563,8724,Nobiro Nobiro Daisuki na Ki,"Fantasy, Music",Music,1
6572,15743,Yuugen Kaisha: Jiken File 00 - Hajimari wa Ayashiku mo Hanayaka ni,"Adventure, Comedy, Supernatural",Special,1
6585,32898,Mobile Suit Gundam 0083: Stardust Memory Picture Drama - Uchuu no Kagerou 2,"Action, Mecha, Space",Special,1
6587,1098,Samurai Girl Real Bout High School,"Adventure, Comedy, Fantasy, Shounen",TV,13
6589,1227,Shuten Douji,"Demons, Historical, Horror, Sci-Fi, Shounen, Space, Supernatural",OVA,4
6595,33548,Babyshiba,Comedy,Special,6
6596,2607,Birth,"Action, Adventure, Comedy, Sci-Fi",OVA,1
6620,11795,Forsaken,"Music, Vampire",Music,1
6635,4522,Bounty Hunter: The Hard,"Action, Police",OVA,1
6652,3685,4-Day Weekend,Music,Music,1
6655,17127,Chokkyuu Hyoudai Robot Anime: Straight Title,"Comedy, Mecha",TV,12
6656,32139,DušaN,"Music, Psychological",Music,1
6658,824,Guardian Hearts,"Comedy, Ecchi, Magic, Romance, School",OVA,6
6668,5090,Techno Police 21C,"Action, Mecha, Police, Sci-Fi",Movie,1
6678,11763,Sekai de Ichiban Tsuyoku Naritai!,"Action, Ecchi, Sports",TV,12
6705,15795,Beast Saga,"Action, Kids, Sci-Fi, Shounen",TV,38
6716,3235,Magma Taishi,"Action, Sci-Fi, Shounen, Space, Super Power",OVA,13
6719,8963,Stitch!: Piko Kara no Chousenjou,"Adventure, Comedy, Kids",Special,1
6727,9627,Kakko Kawaii Sengen!,Comedy,TV,5
6736,6412,Yuki Terai,Music,OVA,6
6741,19187,Fake Doll,Music,Music,1
6755,2600,Juusenki L-Gaim II: Farewell My Lovely + Pentagona Doors,"Action, Adventure, Drama, Mecha, Sci-Fi, Shounen, Space",OVA,1
6765,5875,Kobutori (1929),"Comedy, Demons",Movie,1
6769,16023,Kuro to Kin no Akanai Kagi.,"Romance, Shoujo",OVA,2
6781,29707,Yume no Ukiyo ni Saitemina,Music,Music,1
6787,832,Ginsoukikou Ordian,"Mecha, Sci-Fi",TV,24
6819,6787,Goulart Knights: Evoked the Beginning Black,"Action, Drama, Fantasy, Shoujo, Supernatural",OVA,1
6836,32755,Gregorio,Music,Music,1
6838,30080,Inishie no Megami to Houseki no Ite,Action,ONA,1
6844,2731,Shishunki Bishoujo Gattai Robo Z-MIND,"Action, Mecha, Parody",OVA,6
6858,574,Rean no Tsubasa,"Fantasy, Mecha, Sci-Fi",ONA,6
6865,31710,Divine Gate,"Action, Fantasy, Sci-Fi",TV,12
6872,31830,lilac (bombs Jun Togawa),Music,Music,1
6882,1076,Wizardry,"Action, Adventure, Fantasy",OVA,1
6893,5372,Aura Battler Dunbine OVA,"Adventure, Mecha, Sci-Fi",OVA,3
6901,6907,Mikan-Seijin,Comedy,TV,26
6902,20667,Mobile Suit Gundam: Zeonic Front - Indignation of Zeon.,"Mecha, Military",Special,1
6916,21421,Mahou Shoujo Taisen,Magic,TV,26
6918,9826,Okubyou na Venus,Music,OVA,1
6919,4103,Oval x Over,Cars,OVA,1
6929,4967,Choujin Locke: Mirror Ring,"Action, Sci-Fi, Super Power",OVA,1
6932,31467,Grendizer Giga,"Action, Mecha",ONA,1
6950,33549,Mame-Mofu Collab Animation,Comedy,ONA,1
6953,3496,Ougon no Hou: El Cantare no Rekishikan,"Fantasy, Historical",Movie,1
6958,30920,Utopa,Sci-Fi,Movie,1
6983,1058,Kidou Shinsengumi Moeyo Ken,"Adventure, Comedy, Historical",OVA,4
7017,32618,Hietsuki Bushi,"Fantasy, Music, Sci-Fi",Music,1
7028,5926,Antique Heart,"Magic, Mystery, School",OVA,1
7034,2081,Makeruna! Makendou,"Comedy, Magic, Shounen",OVA,1
7040,30234,1989,"Music, Space",Music,1
7064,3886,Super Mario Brothers: Peach-hime Kyuushutsu Daisakusen!,"Adventure, Comedy, Shounen",Movie,1
7068,1811,Bounty Dog: Getsumen no Ibu,"Action, Sci-Fi, Space",OVA,2
7072,6305,Life no Color,"Music, School",Movie,1
7094,23835,Moonrakers,"Drama, Sci-Fi, Space",ONA,1
7108,32781,Refrain,Music,Music,1
7118,5051,Macross XX,"Action, Mecha",Special,1
7123,1338,Shin Megami Tensei: Tokyo Mokushiroku,"Action, Horror, Sci-Fi",OVA,2
7135,2453,Dennou Sentai Voogie&#039;s★Angel,"Action, Drama, Mecha, Military, Sci-Fi",OVA,3
7153,24321,Hoka Hoka Oden no Uta,Music,Music,1
7157,4398,Kuro Nyago,Fantasy,Movie,1
7160,1656,PostPet Momobin,"Comedy, Kids",TV,24
7161,5193,Shinjuku Shin-chan Patrol: Warui Otona ni Ki wo Tsukete,Kids,ONA,1
7171,13375,Kyoto Animation: Sora-hen,Slice of Life,Special,1
7177,19287,Reunion (Music),Music,Music,1
7180,1052,Tokyo Juushouden,"Action, Adventure, Shounen, Supernatural",OVA,3
7224,30394,Teddy,Slice of Life,Movie,1
7227,1216,Boku wa Konomama Kaeranai,"Drama, Romance, Shounen Ai",OVA,1
7230,10838,Double-J,"Comedy, School, Shounen",TV,11
7241,2258,Choro Q Dagram,"Comedy, Mecha, Sci-Fi, Shounen",Movie,1
7270,2364,Virus: Virus Buster Serge,"Action, Adventure, Mecha, Police, Sci-Fi",TV,12
7272,15021,Yuki no Taiyou Pilot,"Drama, Shoujo",Special,1
7278,2082,Marriage: Kekkon,"Romance, Slice of Life",OVA,2
7289,30489,Minna Atsumare! Falcom Gakuen SC Special,"Comedy, Parody, School, Seinen",Special,1
7290,32856,Sayonara Space Shuttle,"Music, Space",Music,1
7311,32749,Hizumu Realism,"Dementia, Music",Music,1
7312,7451,Kid&#039;s Castle,Comedy,Movie,1
7314,10104,Loups=Garous Picture Drama,"Mystery, Sci-Fi",Special,1
7320,31115,Schick x Evangelion,"Comedy, Parody",Special,2
7323,32084,"Watashitachi, Luck Logic-bu!","Comedy, School",TV,12
7326,7255,Hanaori,Comedy,Movie,1
7346,11389,Happy Kappy Recap,"Comedy, Fantasy, Shoujo",Special,1
7351,29955,Insomniac,Music,Music,1
7357,28809,Macross Fufonfia Specials,"Comedy, Parody",Special,3
7363,1515,Sentou Yousei Shoujo Tasukete! Mave-chan,"Comedy, Parody, Sci-Fi, Shounen, Super Power",OVA,1
7382,2317,Hen,"Comedy, Ecchi",OVA,2
7395,15525,Bokura no Hero,Music,Music,1
7396,3026,Compiler,"Comedy, Drama, Romance, Sci-Fi",OVA,2
7402,1725,Keitai Shoujo,"Comedy, Drama, Romance, School",ONA,6
7429,8993,Juliet,"Ecchi, Romance",OVA,1
7430,6318,Kigurumikku V3,"Comedy, Ecchi, Magic, Mecha, Parody",ONA,3
7436,21215,Zettai Shougeki: Platonic Heart Picture Drama,"Action, Ecchi, Martial Arts",Special,4
7440,15533,Yakimochi Caprice,Slice of Life,Special,2
7461,28355,Henna ABC,"Kids, Music",Music,1
7468,4176,Wanna-Be&#039;s,"Action, Comedy, Sports",OVA,1
7478,3463,A.LI.CE,Sci-Fi,Movie,1
7487,11729,Space Neko Theater,Comedy,ONA,1
7488,25545,Tanu no Magical Holiday,"Kids, Music",Music,1
7493,28639,Futon,Dementia,Movie,1
7496,1751,Jikuu Bouken Nuumamonjaa,"Action, Comedy, Fantasy",OVA,1
7511,14479,Mahoutsukai Nara Miso wo Kue!,"Fantasy, Magic, School",OVA,1
7529,6827,Suzume no Oyado,Fantasy,Movie,1
7530,12521,Tentoumushi no Otomurai,Music,Music,1
7535,17395,Ark IX,Action,OVA,1
7539,24443,Peeping Life: Shinkon-chan Kansai ni Irasshai,"Comedy, Slice of Life",ONA,1
7551,23759,Oira no Ski,"Comedy, Sports",Movie,1
7553,30393,Hana no Hanashi,Slice of Life,Movie,1
7582,19125,Mogura no Adventure,"Adventure, Kids",Special,1
7602,7445,Karo to Piyobupt: Ouchi,Comedy,Movie,1
7606,25549,Psychedelic Afternoon,Music,Music,1
7620,10003,Kago Shintarou Anime Sakuhin Shuu,"Comedy, Dementia, Horror, Seinen",OVA,15
7632,994,Sin in the Rain,Mystery,OVA,1
7664,6848,Doubutsu Mura no Daisodou,Action,Movie,1
7668,14235,Salad Land,Fantasy,ONA,1
7674,5880,Oshiruko,Comedy,ONA,1
7692,30074,Symphonic Variations,Music,Music,1
7703,30431,Anata mo Robot ni Nareru feat. Kamome Jidou Gasshoudan,Music,Music,1
7720,7809,3-tsu no Kumo,Dementia,Movie,3
7728,28951,Beluga,"Dementia, Horror",Movie,1
7735,32765,Cherry Blossom (Music),Music,Music,1
7757,9777,Umacha,Slice of Life,Special,2
7777,29902,A Play,Music,Music,1
7782,6346,Cherry no Manma,"Comedy, Romance, Shoujo",OVA,1
7788,29597,Hana,Comedy,Movie,1
7792,30078,Beautiful Name,Kids,Movie,1
7796,5870,Hibari no Yadogae,Action,Movie,1
7818,30705,Makura no Danshi,Shoujo,TV,12
7844,705,Chou Henshin Cosprayers vs. Ankoku Uchuu Shougun the Movie,"Adventure, Comedy, Magic, Sci-Fi",Movie,1
7856,6823,Omocha Bako Series Dai 3 Wa: Ehon 1936-nen,Fantasy,Movie,1
7869,28981,Ame-iro Cocoa,"Comedy, Slice of Life",TV,12
7871,32288,Jingle,Fantasy,ONA,1
7881,22415,Aoi Heya,"Fantasy, Music",Music,1
7902,4934,A.F,"Action, Mecha, Sci-Fi",Special,1
7927,30092,Wakie Wakie,Music,Music,1
7935,30340,Direct Animation,Dementia,Movie,1
7941,32906,Bishoujo Yuugi Unit Crane Game Girls,"Comedy, Game, Space",TV,13
7949,3832,Rebirth Moon Divergence,"Action, Fantasy",OVA,1
7952,7030,Kemeko no Love,Comedy,Movie,1
7981,6838,Dekobou no Jidousha Ryokou,"Adventure, Cars",Movie,1
7994,23877,Gondora,Dementia,Movie,1
7998,7024,Heya,"Comedy, Dementia",Movie,1
8000,30859,Memory of Red,Dementia,Movie,1
8055,29949,Nami,Dementia,Movie,1
8072,16812,77Danui Bimil,"Action, Drama",Movie,1
8096,24645,Ai Shoujo Pollyanna Story Specials,"Drama, Historical, Slice of Life",Special,2
8153,3844,Apache Yakyuugun,"Action, School, Sports",TV,26
8178,31730,Audition,Music,Movie,1
8283,9177,Burning Blood,"Shounen, Sports",OVA,3
8304,29655,Chanda Gou,,Movie,1
8345,24269,Chiisana Kyojin Microman: Daigekisen! Microman vs. Saikyou Senshi Gorgon,"Action, Adventure, Mecha, Sci-Fi, Shounen, Super Power",Movie,1
8348,29793,Chikara Bashi,Kids,Movie,1
8383,10967,Circuit no Ookami II: Modena no Ken,"Cars, Seinen",OVA,1
8401,24901,Cook no Polka,"Kids, Music",Music,1
8450,3825,Dokaben,"Action, School, Shounen, Sports",TV,163
8495,17307,Dr. Typhoon,"Drama, Seinen, Sports",OVA,1
8534,29961,Feng Ji Yun Nu,"Action, Martial Arts",OVA,1
8571,20095,Furiten-kun (1990),"Comedy, Seinen, Slice of Life",OVA,2
8584,29653,Futari Zamurai Homare no Kawakiri,"Drama, Historical, Samurai",Movie,1
8625,32581,Gaza: Changing the World,"Drama, Supernatural",ONA,1
8693,10323,Golden Kids,"School, Sports",ONA,2
8711,9501,Greek Roman Sinhwa: Olympus Guardian (Movie),"Adventure, Fantasy, Historical",Movie,1
8749,22953,Hana no Zundamaru: Junk,"Comedy, Martial Arts, Parody",ONA,3
8779,3251,Hatara Kids Mai Ham Gumi,"Action, Kids",TV,50
8788,27693,Heart Cocktail,"Romance, Seinen",TV,77
8798,18587,Hello Kitty no Alps no Shoujo Heidi II: Klara to no Deai,Kids,OVA,1
8824,18829,Hello Kitty no Shiawase no Aoi Hotaru,Kids,OVA,1
8825,18825,Hello Kitty no Shiawase no Tulip,Kids,Special,1
8842,22441,Hello Kitty: Ringo no Mori to Parallel Town,"Comedy, Fantasy, Kids",TV,27
8858,2694,Hidamari no Ki,"Drama, Historical",TV,25
8905,6150,Hong Xing Xiao Yong Shi,"Historical, Kids, Slice of Life",Movie,1
8924,32831,Hungry to Win,"Action, Sports",ONA,1
8936,16007,Hyoutan Suzume,Fantasy,Movie,1
9043,11767,Justeen,"Action, Mecha, Sci-Fi",OVA,1
9054,33868,Kabi Usagi: Kaichuu,Comedy,ONA,1
9059,10757,Kachikachi Yama,Drama,Movie,1
9090,8899,Kaitei Shounen Marine,"Action, Adventure, Kids, Sci-Fi",TV,65
9162,29966,Katsuobushi Dayo Jinsei wa,"Kids, Music",Music,1
9240,31071,"Kinyoru, Abe Reiji: Heikinteki na Salaryman no Ijou na Nichijou",Comedy,TV,5
9278,32430,Kodanuki Ponpo,"Kids, Music",Music,1
9306,18081,Koro Koro Kuririn no Inaka no Nezumi Tokai no Nezumi,"Fantasy, Kids",OVA,1
9404,31493,Lord of Vermillion III Special Anime Movie,"Action, Adventure, Fantasy",Special,1
9405,32844,Love Will Find the Way Back Home,Music,Music,1
9434,33358,Mahou no Star Magical Emi: Finale! Finale!,"Comedy, Magic, Shoujo",OVA,1
9488,10282,Manga Nippon Mukashibanashi,Historical,TV,12
9515,6727,Mechakko Dotakon,"Comedy, Sci-Fi",TV,28
9517,25267,Megumi to Taiyou II: Kajuu Gummi Tweet Mystery - Kieta Sapphire Roman no Nazo,Mystery,Special,1
9580,4096,Mizu no Tane,Historical,Movie,1
9587,33225,Mobile Suit Gundam-san (ONA),"Comedy, Mecha, Parody",ONA,15
9602,10758,Momotarou,Drama,Movie,1
9609,18743,Money Wars: Nerawareta Waterfront Keikaku,Seinen,OVA,1
9632,31638,Mr. Shape,"Comedy, Kids",Special,3
9693,24903,Neko Funjatta,Music,Music,1
9712,30864,New Tokyo Ondo,Dementia,Movie,1
9776,33174,Nori P-chan,"Kids, Slice of Life",OVA,1
9786,22849,Nyamen,Comedy,TV,12
9844,29846,Omakase! Miracle Cat-dan,"Comedy, Kids, Super Power",TV,32
9852,32763,One and Three Four,Music,Music,1
9867,29888,Ooi! Hanimaru,"Kids, Music",Music,1
9947,22635,Peeping Life: Tezuka Pro - Tatsunoko Pro Wonderland ONA,"Comedy, Parody",ONA,4
9961,32736,Pepsi Nex x 009 Re:Cyborg,"Action, Comedy",Movie,3
9975,31464,Pichiko Dakyuubu,"Comedy, Sports",TV,29
9976,31465,Pichiko Dakyuubu USA-hen,"Comedy, Sports",Special,3
9997,17613,Poka Poka Mori no Rascal,Kids,TV,52
10032,32385,Project HAL,"Action, Mecha",ONA,3
10034,29377,Pulsar,"Dementia, Music",Movie,1
10064,32768,Revenge of Green Mutant,Music,Music,1
10074,9536,Robin-kun to 100 nin no Otomodachi,"Comedy, Kids",ONA,13
10122,13365,Samchongsa: Time Machine 001,"Adventure, Sci-Fi",Movie,1
10177,29647,Sensuikan Cassiopeia,Dementia,Movie,1
10179,2096,Sequence,"Romance, Sci-Fi, Shoujo",OVA,1
10189,26007,SheepWolf,"Comedy, Kids",ONA,1
10227,7980,Shin Obake no Q-tarou,"Comedy, School, Slice of Life, Supernatural",TV,70
10230,30045,Shin Saru Kani Gassen,Drama,Movie,1
10249,2712,Shiratori Reiko de Gozaimasu!,"Comedy, Romance",OVA,1
10298,31829,Sinbad: Mahou no Lamp to Ugoku Shima,Adventure,Movie,1
10320,22393,Sora e,"Fantasy, Kids, Music",Music,1
10410,29429,Straw Byururu,"Adventure, Fantasy, Kids, Magic",Special,2
10502,5986,Tengai Makyou: Jiraiya Oboro-hen,"Adventure, Fantasy",OVA,2
10520,7982,Tetsuro no Kanata,Adventure,OVA,1
10531,8524,The Kabocha Wine: Nita no Aijou Monogatari,"Comedy, Romance, School, Slice of Life",Movie,1
10537,9417,The Monkey King Conquers the Demon,Adventure,Movie,1
10590,21711,Torero Kamomiro,"Kids, Music",Music,1
10607,29649,Tsuiseki,Dementia,Movie,1
10669,32388,Undouki Kenshin Manual Taiou Taisou,Kids,Special,1
10676,4598,Urikupen Kyuujo-tai,"Adventure, Comedy, Kids",TV,156
10681,6522,Usahana: Yumemiru Ballerina,Kids,Special,7
10713,6868,Wansa-kun,Comedy,TV,26
10738,25173,Where is Mama,Kids,Movie,1
10739,31925,White Tree,"Music, Romance",Music,1
10758,5303,Xabungle Graffiti,Mecha,Movie,1
11139,719,Ai no Kusabi,"Drama, Romance, Sci-Fi, Yaoi",OVA,2
11143,20377,Dorei Usagi to Anthony The Animation,Hentai,OVA,1
11153,3102,Kateikyoushi no Oneesan The Animation: H no Hensachi Agechaimasu,Hentai,OVA,2
11159,29083,Lovely x Cation The Animation,Hentai,OVA,2
11163,3210,Ikoku Irokoi Romantan,"Comedy, Romance, Yaoi",OVA,2
11185,9311,Kateikyoushi no Oneesan 2 The Animation: H no Hensachi Agechaimasu,Hentai,OVA,2
11186,29808,Namaiki: Kissuisou e Youkoso! The Animation,Hentai,OVA,1
11196,32620,Koinaka: Koinaka de Hatsukoi x Nakadashi Sexual Life The Animation,Hentai,OVA,1
11203,4763,Tsuma Shibori,"Hentai, Romance",OVA,2
11209,3771,"Nee, Chanto Shiyou Yo!",Hentai,OVA,5
11224,19859,Yokujou Bazooka The Animation,Hentai,OVA,1
11225,29809,3Ping Lovers!☆Ippu Nisai no Sekai e Youkoso♪ The Animation,Hentai,OVA,1
11230,2432,Discipline,"Hentai, School",OVA,6
11242,5464,Cafe Junkie,Hentai,OVA,2
11247,16642,Ane Koi: Suki Kirai Daisuki.,Hentai,OVA,2
11248,4600,Aneki... My Sweet Elder Sister The Animation,Hentai,OVA,4
11255,22347,Pandra The Animation: Shiroki Yokubou Kuro no Kibou,"Demons, Fantasy, Hentai, Supernatural",OVA,2
11268,24377,Spocon!,Hentai,OVA,2
11269,5172,Love Selection The Animation,Hentai,OVA,2
11289,4399,Honoo no Haramase Tenkousei,"Harem, Hentai, School, Yuri",OVA,3
11327,11747,Kiriya Hakushaku Ke no Roku Shimai,Hentai,OVA,2
11328,24021,Sei Shoujo The Animation,Hentai,OVA,1
11337,29085,Sei Yariman Sisters Pakopako Nikki The Animation,Hentai,OVA,1
11357,2417,Saigo no Door wo Shimero!,"Comedy, Drama, Romance, Yaoi",OVA,1
11358,9328,Shoujo Senki Soul Eater,Hentai,OVA,1
11360,19569,Junjou Shoujo Et Cetera,Hentai,OVA,2
11362,221,Mezzo Forte,"Action, Comedy, Hentai, Sci-Fi",OVA,2
11373,2410,Soreyuke Marin-chan,"Hentai, Sci-Fi",OVA,3
11390,27603,Jutaijima,Hentai,OVA,2
11453,2134,Famiresu Senshi Purin,Hentai,OVA,3
11455,2394,Ma ga Ochiru Yoru,Hentai,OVA,3
11468,2325,Angel Blade Punish!,"Adventure, Hentai, Magic, Sci-Fi",OVA,3
11469,25877,Demonion: Gaiden,Hentai,OVA,2
11476,33393,Enkou Shoujo: Rikujoubu Yukki no Baai The Animation,Hentai,OVA,1
11479,1785,Little Monica Monogatari,Hentai,OVA,2
11483,7583,Valkyrie Choukyou Semen Tank no Ikusa Otome 10-nin Shimai,Hentai,OVA,2
11487,31401,Creamy Pie,Hentai,OVA,2
11494,2188,Maid in Heaven SuperS,Hentai,OVA,2
11506,2590,Genmukan,Hentai,OVA,2
11509,4714,The Rapeman,Hentai,OVA,2
11517,217,Shin Angel,"Comedy, Drama, Hentai, Romance",OVA,5
11522,6685,Mesu Kyoushi: Injoku no Kyoushitsu,Hentai,OVA,3
11527,8655,Bijukubo,Hentai,OVA,2
11589,8292,Seitokaichou Hikaru,Hentai,OVA,1
11592,3324,Discode: Ijou Seiai,Hentai,OVA,3
11593,17747,Furyou ni Hamerarete Jusei Suru Kyonyuu Okaasan The Animation,Hentai,OVA,2
11602,22119,PeroPero☆Teacher,Hentai,OVA,3
11621,2868,Kazama Mana,Hentai,OVA,1
11626,9904,Inyouchuu Etsu,"Demons, Fantasy, Hentai, Magic, Romance, Supernatural",OVA,2
11628,2341,Choujin Densetsu Urotsukidouji,"Action, Demons, Drama, Hentai",OVA,3
11637,5259,Rance: Sabaku no Guardian,"Fantasy, Hentai, Magic",OVA,2
11638,5212,Saimin Gakuen,Hentai,OVA,2
11655,16091,Mouryou no Nie,"Hentai, Horror, Supernatural",OVA,2
11656,4490,Soap no Moko-chan,Hentai,OVA,1
11661,22655,Nerawareta Megami Tenshi Angeltia: Mamotta Ningentachi ni Uragirarete,Hentai,OVA,4
11673,2191,Waver,Hentai,OVA,3
11676,23519,Enbi,Hentai,OVA,2
11719,3105,Chikansha Thomas,Hentai,OVA,1
11727,21513,Imako System,Hentai,OVA,2
11755,6694,Triangle Blue,Hentai,OVA,2
11764,1332,Elf no Wakaokusama,"Fantasy, Hentai",OVA,2
11771,2958,Hitozuma Cosplay Kissa,Hentai,OVA,2
11776,3370,Natural: Another,"Hentai, Romance",OVA,2
11790,8652,Arbeit Shiyo!!,Hentai,OVA,3
11797,9232,Yebisu Celebrities 1st,Yaoi,OVA,1
11820,3543,Kiss yori...,Hentai,OVA,3
11845,23475,Saimin Jutsu Zero Special,Hentai,Special,1
11857,1770,Unbalance,Hentai,OVA,3
11863,4340,Tower of Etruria,"Adventure, Comedy, Harem, Hentai",OVA,2
11867,828,Jinshin Yuugi,Hentai,OVA,2
11871,2185,Words Worth Gaiden,"Action, Adventure, Fantasy, Hentai",OVA,2
11874,4730,Inyoku Tokkyuu Zetsurinou,Hentai,OVA,1
11879,4825,Tenkousei,Hentai,OVA,4
11882,7612,Haha Sange,Hentai,OVA,2
11885,5614,Shikkaku Ishi,Hentai,OVA,2
11892,9327,Seme♥Chichi,Hentai,OVA,2
11907,2376,Shusaku Liberty,Hentai,OVA,2
11909,2344,Choujin Densetsu Urotsukidouji: Inferno Road,"Demons, Fantasy, Hentai, Horror, Sci-Fi",OVA,3
11924,4487,Ebenbourg no Kaze,Hentai,OVA,2
11930,2209,V.G.Neo The Animation,"Action, Hentai, Martial Arts",OVA,3
11934,4400,Inmu 2,Hentai,OVA,2
11935,4603,Kibun Kibun,Hentai,OVA,2
11940,3439,Darcrows,Hentai,OVA,2
11951,5049,Onmyouji: Youen Emaki,"Demons, Hentai",OVA,2
11972,3942,Binetsu Shoukougun,Hentai,OVA,2
12006,5398,Masaru Ashita no Yukinojou 2,Hentai,OVA,2
12020,3402,Sexy Sailor Soldiers,"Action, Comedy, Hentai, Super Power",OVA,1
12028,9270,Imbalance Girl,Hentai,OVA,1
12042,30817,Netoraserare,Hentai,OVA,2
12044,3383,Orchid☆Emblem,Hentai,OVA,1
12061,9211,Shikatte Ingo: Misaki Shunin no Buka Kyouiku-hen,Hentai,OVA,1
12062,2348,Shitai wo Arau The Animation,Hentai,OVA,3
12070,1511,Gakuen: Chijoku no Zushiki,Hentai,OVA,2
12078,1784,Injuu Nerawareta Hanayome,Hentai,OVA,2
12082,4731,Hiiro no Koku,Hentai,OVA,5
12084,3539,Utsukushiki Emono-tachi no Gakuen,Hentai,OVA,2
12092,2894,Kinbaku no Yakata: Ryakudatsu,Hentai,OVA,2
12106,4034,Sailor Senshi Venus♥Five,"Hentai, Parody, Super Power",OVA,2
12113,3824,Shoujo Koakuma Kei,Hentai,OVA,1
12117,5546,Ecchi de Happy! Pin! Pin! Pin!,Hentai,OVA,1
12120,3531,Shinjin Tour Conductor,Hentai,OVA,1
12150,5570,Binetsu Hime: Zange no Shou,Hentai,OVA,1
12151,5687,Doura,Hentai,OVA,4
12154,1499,MaMa,Hentai,OVA,2
12159,7864,SF Lolita Fantasy Ome-1,"Hentai, Parody, Sci-Fi",OVA,2
12174,2349,Bondage Game: Shinsou no Reijoutachi,"Hentai, Psychological",OVA,2
12180,3883,Yu-No,"Hentai, Sci-Fi",OVA,4
12191,9317,Doll Saaya,Hentai,OVA,1
12197,4496,Zero Sum Game: Sex Crime,Hentai,OVA,1
12210,5572,You Bishoujo Miruku-chan,Hentai,OVA,1
12221,4369,Kunoichi Gakuen Ninpouchou,"Action, Comedy, Demons, Hentai, Martial Arts, School",OVA,6
12246,5589,Offside Girl,"Hentai, Sports",OVA,2
12247,4310,Joshidai: Ecchi Soudanshitsu,Hentai,OVA,1
12267,14207,Lovely Series,Hentai,OVA,2
12272,18197,Nudl Nude,"Comedy, Hentai, Parody",OVA,1
12277,12397,Original Video Romance Animation,"Comedy, Hentai",OVA,2
